scope,batch,raw_path,line_no,record_id,category,label,decision,reason,request_source,created_at_local,city,budget_level,strictness,amount,recommended_min,recommended_max,teacher_budget_total,target_min,target_max,request_budget_status,teacher_budget_status,candidate_high_ratio,candidate_reach_amount,food_pois
archive,archive/2026-05-03_batch200_paused_before_review,training/data/v3/sft/archive/2026-05-03_batch200_paused_before_review/records.jsonl,1,v3_request_000020,drop_or_full_regen,预算训练淘汰或整条重做,drop_or_regenerate,请求预算和 teacher 预算至少两侧不匹配，预算训练建议淘汰或整条重做。,controlled,2026-05-03T16:35:09+08:00,杭州,comfortable,soft,6400,8300,11100,3348,4500,7000,below,below,1.5106,True,10
archive,archive/2026-05-03_batch200_paused_before_review,training/data/v3/sft/archive/2026-05-03_batch200_paused_before_review/records.jsonl,2,v3_request_000021,repair_request_rebudget,需重标请求预算,repair,teacher 预算能贴合原请求目标，但请求金额不符合新版分档，需要重标请求预算/自由文本。,controlled,2026-05-03T16:35:12+08:00,上海,limited,soft,800,1900,2300,800,600,800,below,ok,7.07,True,10
archive,archive/2026-05-03_pre_sft_v3_final,training/data/v3/sft/archive/2026-05-03_pre_sft_v3_final/records.jsonl,1,v3_request_000000,repair_teacher_regen,需重生成 teacher,repair,请求预算符合新分档，但 teacher 预算低于目标区间，需要重生成 teacher。,controlled,2026-05-03T12:03:31+08:00,昆明,premium,soft,9000,7400,10600,2328,6800,10100,ok,below,0.476,False,10
archive,archive/2026-05-05_before_current_sft_smoke20,training/data/v3/sft/archive/2026-05-05_before_current_sft_smoke20/records.jsonl,1,v3_request_000008,repair_request_rebudget,需重标请求预算,repair,teacher 预算能贴合原请求目标，但请求金额不符合新版分档，需要重标请求预算/自由文本。,controlled,2026-05-03T17:14:25+08:00,大理,standard,soft,2100,3700,4800,1830,1300,2200,below,ok,2.2029,True,8
archive,archive/2026-05-05_before_current_sft_smoke20,training/data/v3/sft/archive/2026-05-05_before_current_sft_smoke20/records.jsonl,2,v3_request_000013,repair_request_rebudget,需重标请求预算,repair,teacher 预算能贴合原请求目标，但请求金额不符合新版分档，需要重标请求预算/自由文本。,controlled,2026-05-03T17:16:12+08:00,武汉,standard,soft,2400,5100,6800,2344,1400,2500,below,ok,2.8983,True,10
archive,archive/2026-05-05_before_current_sft_smoke20,training/data/v3/sft/archive/2026-05-05_before_current_sft_smoke20/records.jsonl,3,v3_request_000011,repair_request_rebudget,需重标请求预算,repair,teacher 预算能贴合原请求目标，但请求金额不符合新版分档，需要重标请求预算/自由文本。,controlled,2026-05-03T17:16:23+08:00,福州,standard,soft,2600,4600,5900,2592,1600,2700,below,ok,2.7546,True,9
archive,archive/2026-05-05_before_current_sft_smoke20,training/data/v3/sft/archive/2026-05-05_before_current_sft_smoke20/records.jsonl,4,v3_request_000003,repair_request_rebudget,需重标请求预算,repair,teacher 预算能贴合原请求目标，但请求金额不符合新版分档，需要重标请求预算/自由文本。,controlled,2026-05-03T17:16:25+08:00,西安,standard,soft,3300,4900,6000,2924,2000,3500,below,ok,0.9739,False,10
archive,archive/2026-05-05_before_current_sft_smoke20,training/data/v3/sft/archive/2026-05-05_before_current_sft_smoke20/records.jsonl,5,v3_request_000007,repair_request_rebudget,需重标请求预算,repair,teacher 预算能贴合原请求目标，但请求金额不符合新版分档，需要重标请求预算/自由文本。,controlled,2026-05-03T17:16:28+08:00,成都,standard,hard,2200,4000,5300,2178,1300,2200,below,ok,2.7909,True,5
archive,archive/2026-05-05_before_current_sft_smoke20,training/data/v3/sft/archive/2026-05-05_before_current_sft_smoke20/records.jsonl,6,v3_request_000002,repair_request_rebudget,需重标请求预算,repair,teacher 预算能贴合原请求目标，但请求金额不符合新版分档，需要重标请求预算/自由文本。,controlled,2026-05-03T17:16:34+08:00,杭州,limited,hard,1700,3100,3700,1647,1200,1700,below,ok,4.5194,True,6
archive,archive/2026-05-05_before_current_sft_smoke20,training/data/v3/sft/archive/2026-05-05_before_current_sft_smoke20/records.jsonl,7,v3_request_000004,repair_request_rebudget,需重标请求预算,repair,teacher 预算能贴合原请求目标，但请求金额不符合新版分档，需要重标请求预算/自由文本。,controlled,2026-05-03T17:16:46+08:00,张家界,standard,soft,5700,11500,14900,4840,3400,6000,below,ok,2.5996,True,8
archive,archive/2026-05-05_before_current_sft_smoke20,training/data/v3/sft/archive/2026-05-05_before_current_sft_smoke20/records.jsonl,8,v3_request_000009,repair_request_rebudget,需重标请求预算,repair,teacher 预算能贴合原请求目标，但请求金额不符合新版分档，需要重标请求预算/自由文本。,controlled,2026-05-03T17:16:52+08:00,苏州,comfortable,soft,11000,18500,24800,8836,7700,12100,below,ok,2.5075,True,10
archive,archive/2026-05-05_before_current_sft_smoke20,training/data/v3/sft/archive/2026-05-05_before_current_sft_smoke20/records.jsonl,9,v3_request_000006,repair_request_rebudget,需重标请求预算,repair,teacher 预算能贴合原请求目标，但请求金额不符合新版分档，需要重标请求预算/自由文本。,controlled,2026-05-03T17:17:07+08:00,南京,limited,hard,3100,5600,6800,2444,2200,3100,below,ok,3.9706,True,6
archive,archive/2026-05-05_before_current_sft_smoke20,training/data/v3/sft/archive/2026-05-05_before_current_sft_smoke20/records.jsonl,10,v3_request_000019,repair_request_rebudget,需重标请求预算,repair,teacher 预算能贴合原请求目标，但请求金额不符合新版分档，需要重标请求预算/自由文本。,controlled,2026-05-03T17:17:24+08:00,丽江,limited,soft,4900,8300,10400,4796,3500,5100,below,ok,2.6988,True,5
archive,archive/2026-05-05_before_current_sft_smoke20,training/data/v3/sft/archive/2026-05-05_before_current_sft_smoke20/records.jsonl,11,v3_request_000018,repair_request_rebudget,需重标请求预算,repair,teacher 预算能贴合原请求目标，但请求金额不符合新版分档，需要重标请求预算/自由文本。,controlled,2026-05-03T17:17:59+08:00,天津,limited,soft,1300,2700,3200,1389,900,1400,below,ok,4.8131,True,9
archive,archive/2026-05-05_before_current_sft_smoke20,training/data/v3/sft/archive/2026-05-05_before_current_sft_smoke20/records.jsonl,12,v3_request_000015,repair_request_rebudget,需重标请求预算,repair,teacher 预算能贴合原请求目标，但请求金额不符合新版分档，需要重标请求预算/自由文本。,controlled,2026-05-03T17:18:01+08:00,南京,standard,soft,1700,3200,4300,1422,1000,1800,below,ok,5.1229,True,10
archive,archive/2026-05-05_before_current_sft_smoke20,training/data/v3/sft/archive/2026-05-05_before_current_sft_smoke20/records.jsonl,13,v3_request_000014,repair_request_rebudget,需重标请求预算,repair,teacher 预算能贴合原请求目标，但请求金额不符合新版分档，需要重标请求预算/自由文本。,controlled,2026-05-03T17:19:12+08:00,成都,limited,hard,1900,3200,4100,1892,1400,1900,below,ok,9.1263,True,5
archive,archive/2026-05-05_before_current_sft_smoke20,training/data/v3/sft/archive/2026-05-05_before_current_sft_smoke20/records.jsonl,14,v3_request_000001,repair_request_rebudget,需重标请求预算,repair,teacher 预算能贴合原请求目标，但请求金额不符合新版分档，需要重标请求预算/自由文本。,controlled,2026-05-03T17:19:42+08:00,桂林,comfortable,soft,4200,6100,8000,3480,2900,4600,below,ok,1.1143,True,6
archive,archive/2026-05-05_before_current_sft_smoke20,training/data/v3/sft/archive/2026-05-05_before_current_sft_smoke20/records.jsonl,15,v3_request_000016,repair_request_rebudget,需重标请求预算,repair,teacher 预算能贴合原请求目标，但请求金额不符合新版分档，需要重标请求预算/自由文本。,controlled,2026-05-03T17:21:21+08:00,苏州,limited,soft,1900,2500,3200,1760,1400,2000,below,ok,2.2189,True,12
archive,archive/2026-05-05_before_current_sft_smoke20,training/data/v3/sft/archive/2026-05-05_before_current_sft_smoke20/records.jsonl,16,v3_request_000017,repair_request_rebudget,需重标请求预算,repair,teacher 预算能贴合原请求目标，但请求金额不符合新版分档，需要重标请求预算/自由文本。,controlled,2026-05-03T17:24:49+08:00,苏州,comfortable,soft,4300,7100,10000,3037,3000,4700,below,ok,2.027,True,10
archive,archive/2026-05-05_before_current_sft_smoke20,training/data/v3/sft/archive/2026-05-05_before_current_sft_smoke20/records.jsonl,17,v3_request_000010,repair_request_rebudget,需重标请求预算,repair,teacher 预算能贴合原请求目标，但请求金额不符合新版分档，需要重标请求预算/自由文本。,controlled,2026-05-03T17:27:39+08:00,西安,standard,soft,6300,10900,14300,5294,3800,6600,below,ok,2.2248,True,10
archive,archive/2026-05-05_before_current_sft_smoke20,training/data/v3/sft/archive/2026-05-05_before_current_sft_smoke20/records.jsonl,18,v3_request_000000,drop_or_full_regen,预算训练淘汰或整条重做,drop_or_regenerate,请求预算和 teacher 预算至少两侧不匹配，预算训练建议淘汰或整条重做。,controlled,2026-05-03T17:30:11+08:00,昆明,premium,hard,5500,8300,11400,3804,4100,5500,below,below,0.8673,False,10
archive,archive/2026-05-05_before_current_sft_smoke20,training/data/v3/sft/archive/2026-05-05_before_current_sft_smoke20/records.jsonl,19,v3_request_000005,repair_request_rebudget,需重标请求预算,repair,teacher 预算能贴合原请求目标，但请求金额不符合新版分档，需要重标请求预算/自由文本。,controlled,2026-05-03T17:31:17+08:00,广州,limited,hard,1300,2400,3100,1232,900,1300,below,ok,3.6492,True,10
archive,archive/2026-05-05_before_current_sft_smoke20,training/data/v3/sft/archive/2026-05-05_before_current_sft_smoke20/records.jsonl,20,v3_request_000020,repair_request_rebudget,需重标请求预算,repair,teacher 预算能贴合原请求目标，但请求金额不符合新版分档，需要重标请求预算/自由文本。,controlled,2026-05-03T17:44:35+08:00,杭州,comfortable,soft,5300,9200,12000,4406,3700,5800,below,ok,1.7638,True,10
archive,archive/2026-05-05_before_current_sft_smoke20,training/data/v3/sft/archive/2026-05-05_before_current_sft_smoke20/records.jsonl,21,v3_request_000051,repair_request_rebudget,需重标请求预算,repair,teacher 预算能贴合原请求目标，但请求金额不符合新版分档，需要重标请求预算/自由文本。,controlled,2026-05-03T18:09:15+08:00,昆明,limited,soft,2100,3600,4500,1790,1500,2200,below,ok,0.9738,False,0
archive,archive/2026-05-05_before_current_sft_smoke20,training/data/v3/sft/archive/2026-05-05_before_current_sft_smoke20/records.jsonl,22,v3_request_000037,repair_request_rebudget,需重标请求预算,repair,teacher 预算能贴合原请求目标，但请求金额不符合新版分档，需要重标请求预算/自由文本。,controlled,2026-05-03T18:09:56+08:00,贵阳,comfortable,soft,4800,7800,10300,4601,3400,5300,below,ok,2.1412,True,9
archive,archive/2026-05-05_before_current_sft_smoke20,training/data/v3/sft/archive/2026-05-05_before_current_sft_smoke20/records.jsonl,23,v3_request_000041,repair_request_rebudget,需重标请求预算,repair,teacher 预算能贴合原请求目标，但请求金额不符合新版分档，需要重标请求预算/自由文本。,controlled,2026-05-03T18:09:58+08:00,厦门,limited,hard,2800,4500,5500,2094,2000,2800,below,ok,3.3729,True,12
archive,archive/2026-05-05_before_current_sft_smoke20,training/data/v3/sft/archive/2026-05-05_before_current_sft_smoke20/records.jsonl,24,v3_request_000023,repair_request_rebudget,需重标请求预算,repair,teacher 预算能贴合原请求目标，但请求金额不符合新版分档，需要重标请求预算/自由文本。,controlled,2026-05-03T18:09:59+08:00,大理,limited,hard,2900,5000,5900,2893,2100,2900,below,ok,3.4045,True,8
archive,archive/2026-05-05_before_current_sft_smoke20,training/data/v3/sft/archive/2026-05-05_before_current_sft_smoke20/records.jsonl,25,v3_request_000048,repair_request_rebudget,需重标请求预算,repair,teacher 预算能贴合原请求目标，但请求金额不符合新版分档，需要重标请求预算/自由文本。,controlled,2026-05-03T18:09:59+08:00,北京,standard,soft,1400,2500,3400,1370,800,1500,below,ok,6.1486,True,10
archive,archive/2026-05-05_before_current_sft_smoke20,training/data/v3/sft/archive/2026-05-05_before_current_sft_smoke20/records.jsonl,26,v3_request_000047,repair_request_rebudget,需重标请求预算,repair,teacher 预算能贴合原请求目标，但请求金额不符合新版分档，需要重标请求预算/自由文本。,controlled,2026-05-03T18:10:05+08:00,成都,comfortable,hard,3900,6600,8000,3289,2700,3900,below,ok,1.3603,True,10
archive,archive/2026-05-05_before_current_sft_smoke20,training/data/v3/sft/archive/2026-05-05_before_current_sft_smoke20/records.jsonl,27,v3_request_000049,repair_request_rebudget,需重标请求预算,repair,teacher 预算能贴合原请求目标，但请求金额不符合新版分档，需要重标请求预算/自由文本。,controlled,2026-05-03T18:10:05+08:00,珠海,comfortable,soft,9900,17400,23100,9626,6900,10900,below,ok,1.5329,True,0
archive,archive/2026-05-05_before_current_sft_smoke20,training/data/v3/sft/archive/2026-05-05_before_current_sft_smoke20/records.jsonl,28,v3_request_000026,repair_request_rebudget,需重标请求预算,repair,teacher 预算能贴合原请求目标，但请求金额不符合新版分档，需要重标请求预算/自由文本。,controlled,2026-05-03T18:10:06+08:00,扬州,standard,soft,2100,3400,4400,1998,1300,2200,below,ok,1.659,True,10
archive,archive/2026-05-05_before_current_sft_smoke20,training/data/v3/sft/archive/2026-05-05_before_current_sft_smoke20/records.jsonl,29,v3_request_000045,nonbudget_only,仅适合非预算 SFT,nonbudget_only,strictness=none，无预算目标区间；可保留作 schema/grounding，预算训练不使用。,controlled,2026-05-03T18:10:15+08:00,济南,standard,none,1700,2900,3900,1554,0,0,below,no_budget_policy,2.4141,True,10
archive,archive/2026-05-05_before_current_sft_smoke20,training/data/v3/sft/archive/2026-05-05_before_current_sft_smoke20/records.jsonl,30,v3_request_000021,repair_request_rebudget,需重标请求预算,repair,teacher 预算能贴合原请求目标，但请求金额不符合新版分档，需要重标请求预算/自由文本。,controlled,2026-05-03T18:10:22+08:00,上海,limited,hard,800,1500,2000,640,600,800,below,ok,6.745,True,10
archive,archive/2026-05-05_before_current_sft_smoke20,training/data/v3/sft/archive/2026-05-05_before_current_sft_smoke20/records.jsonl,31,v3_request_000044,repair_request_rebudget,需重标请求预算,repair,teacher 预算能贴合原请求目标，但请求金额不符合新版分档，需要重标请求预算/自由文本。,controlled,2026-05-03T18:10:24+08:00,西安,limited,hard,2200,3400,4300,2198,1600,2200,below,ok,2.1455,True,10
archive,archive/2026-05-05_before_current_sft_smoke20,training/data/v3/sft/archive/2026-05-05_before_current_sft_smoke20/records.jsonl,32,v3_request_000042,repair_request_rebudget,需重标请求预算,repair,teacher 预算能贴合原请求目标，但请求金额不符合新版分档，需要重标请求预算/自由文本。,controlled,2026-05-03T18:10:34+08:00,哈尔滨,comfortable,soft,3700,6100,8000,3038,2600,4100,below,ok,1.4632,True,12
archive,archive/2026-05-05_before_current_sft_smoke20,training/data/v3/sft/archive/2026-05-05_before_current_sft_smoke20/records.jsonl,33,v3_request_000024,repair_request_rebudget,需重标请求预算,repair,teacher 预算能贴合原请求目标，但请求金额不符合新版分档，需要重标请求预算/自由文本。,controlled,2026-05-03T18:10:36+08:00,济南,limited,hard,1200,2000,2400,1152,900,1200,below,ok,2.3117,True,10
archive,archive/2026-05-05_before_current_sft_smoke20,training/data/v3/sft/archive/2026-05-05_before_current_sft_smoke20/records.jsonl,34,v3_request_000027,repair_request_rebudget,需重标请求预算,repair,teacher 预算能贴合原请求目标，但请求金额不符合新版分档，需要重标请求预算/自由文本。,controlled,2026-05-03T18:10:41+08:00,杭州,comfortable,soft,7400,14100,19600,5492,5200,8100,below,ok,3.6632,True,10
archive,archive/2026-05-05_before_current_sft_smoke20,training/data/v3/sft/archive/2026-05-05_before_current_sft_smoke20/records.jsonl,35,v3_request_000034,repair_request_rebudget,需重标请求预算,repair,teacher 预算能贴合原请求目标，但请求金额不符合新版分档，需要重标请求预算/自由文本。,controlled,2026-05-03T18:10:44+08:00,武汉,limited,soft,1400,2700,3300,1366,1000,1500,below,ok,3.9186,True,5
archive,archive/2026-05-05_before_current_sft_smoke20,training/data/v3/sft/archive/2026-05-05_before_current_sft_smoke20/records.jsonl,36,v3_request_000043,repair_request_rebudget,需重标请求预算,repair,teacher 预算能贴合原请求目标，但请求金额不符合新版分档，需要重标请求预算/自由文本。,controlled,2026-05-03T18:10:53+08:00,桂林,standard,soft,3600,5800,7300,3250,2200,3800,below,ok,1.5433,True,8
archive,archive/2026-05-05_before_current_sft_smoke20,training/data/v3/sft/archive/2026-05-05_before_current_sft_smoke20/records.jsonl,37,v3_request_000050,repair_request_rebudget,需重标请求预算,repair,teacher 预算能贴合原请求目标，但请求金额不符合新版分档，需要重标请求预算/自由文本。,controlled,2026-05-03T18:11:18+08:00,深圳,limited,soft,1000,1700,2100,910,700,1000,below,ok,1.932,True,12
archive,archive/2026-05-05_before_current_sft_smoke20,training/data/v3/sft/archive/2026-05-05_before_current_sft_smoke20/records.jsonl,38,v3_request_000022,repair_request_rebudget,需重标请求预算,repair,teacher 预算能贴合原请求目标，但请求金额不符合新版分档，需要重标请求预算/自由文本。,controlled,2026-05-03T18:11:20+08:00,桂林,limited,hard,3200,7100,8400,3160,2300,3200,below,ok,4.5822,True,8
archive,archive/2026-05-05_before_current_sft_smoke20,training/data/v3/sft/archive/2026-05-05_before_current_sft_smoke20/records.jsonl,39,v3_request_000052,repair_request_rebudget,需重标请求预算,repair,teacher 预算能贴合原请求目标，但请求金额不符合新版分档，需要重标请求预算/自由文本。,controlled,2026-05-03T18:11:52+08:00,苏州,standard,soft,3400,5600,7500,3262,2000,3600,below,ok,2.1588,True,10
archive,archive/2026-05-05_before_current_sft_smoke20,training/data/v3/sft/archive/2026-05-05_before_current_sft_smoke20/records.jsonl,40,v3_request_000055,nonbudget_only,仅适合非预算 SFT,nonbudget_only,strictness=none，无预算目标区间；可保留作 schema/grounding，预算训练不使用。,controlled,2026-05-03T18:12:29+08:00,长沙,standard,none,2000,4200,5400,1441,0,0,below,no_budget_policy,4.116,True,10
archive,archive/2026-05-05_before_current_sft_smoke20,training/data/v3/sft/archive/2026-05-05_before_current_sft_smoke20/records.jsonl,41,v3_request_000057,repair_request_rebudget,需重标请求预算,repair,teacher 预算能贴合原请求目标，但请求金额不符合新版分档，需要重标请求预算/自由文本。,controlled,2026-05-03T18:12:30+08:00,黄山,limited,soft,1100,1300,1700,1182,800,1200,below,ok,2.4927,True,8
archive,archive/2026-05-05_before_current_sft_smoke20,training/data/v3/sft/archive/2026-05-05_before_current_sft_smoke20/records.jsonl,42,v3_request_000062,repair_request_rebudget,需重标请求预算,repair,teacher 预算能贴合原请求目标，但请求金额不符合新版分档，需要重标请求预算/自由文本。,controlled,2026-05-03T18:12:38+08:00,厦门,limited,soft,1100,1400,1800,1094,800,1200,below,ok,3.3455,True,5
archive,archive/2026-05-05_before_current_sft_smoke20,training/data/v3/sft/archive/2026-05-05_before_current_sft_smoke20/records.jsonl,43,v3_request_000040,repair_request_rebudget,需重标请求预算,repair,teacher 预算能贴合原请求目标，但请求金额不符合新版分档，需要重标请求预算/自由文本。,controlled,2026-05-03T18:13:23+08:00,南京,comfortable,soft,4600,10100,12900,3774,3200,5100,below,ok,2.78,True,10
archive,archive/2026-05-05_before_current_sft_smoke20,training/data/v3/sft/archive/2026-05-05_before_current_sft_smoke20/records.jsonl,44,v3_request_000046,repair_request_rebudget,需重标请求预算,repair,teacher 预算能贴合原请求目标，但请求金额不符合新版分档，需要重标请求预算/自由文本。,controlled,2026-05-03T18:13:33+08:00,哈尔滨,standard,soft,2600,3700,4900,1880,1600,2700,below,ok,1.8515,True,10
archive,archive/2026-05-05_before_current_sft_smoke20,training/data/v3/sft/archive/2026-05-05_before_current_sft_smoke20/records.jsonl,45,v3_request_000065,drop_or_full_regen,预算训练淘汰或整条重做,drop_or_regenerate,请求预算和 teacher 预算至少两侧不匹配，预算训练建议淘汰或整条重做。,controlled,2026-05-03T18:13:35+08:00,天津,standard,soft,2300,3600,4700,1308,1400,2400,below,below,4.0113,True,12
archive,archive/2026-05-05_before_current_sft_smoke20,training/data/v3/sft/archive/2026-05-05_before_current_sft_smoke20/records.jsonl,46,v3_request_000032,repair_request_rebudget,需重标请求预算,repair,teacher 预算能贴合原请求目标，但请求金额不符合新版分档，需要重标请求预算/自由文本。,controlled,2026-05-03T18:13:40+08:00,丽江,standard,soft,4800,9000,11300,4829,2900,5000,below,ok,3.3744,True,9
archive,archive/2026-05-05_before_current_sft_smoke20,training/data/v3/sft/archive/2026-05-05_before_current_sft_smoke20/records.jsonl,47,v3_request_000056,repair_request_rebudget,需重标请求预算,repair,teacher 预算能贴合原请求目标，但请求金额不符合新版分档，需要重标请求预算/自由文本。,controlled,2026-05-03T18:13:46+08:00,昆明,limited,hard,3600,5600,6800,2738,2600,3600,below,ok,2.2725,True,10
archive,archive/2026-05-05_before_current_sft_smoke20,training/data/v3/sft/archive/2026-05-05_before_current_sft_smoke20/records.jsonl,48,v3_request_000033,repair_request_rebudget,需重标请求预算,repair,teacher 预算能贴合原请求目标，但请求金额不符合新版分档，需要重标请求预算/自由文本。,controlled,2026-05-03T18:14:01+08:00,苏州,comfortable,soft,2900,5100,7000,2656,2000,3200,below,ok,1.6483,True,10
archive,archive/2026-05-05_before_current_sft_smoke20,training/data/v3/sft/archive/2026-05-05_before_current_sft_smoke20/records.jsonl,49,v3_request_000053,repair_request_rebudget,需重标请求预算,repair,teacher 预算能贴合原请求目标，但请求金额不符合新版分档，需要重标请求预算/自由文本。,controlled,2026-05-03T18:14:01+08:00,青岛,comfortable,soft,4500,7600,10100,3472,3200,5000,below,ok,1.3178,True,9
archive,archive/2026-05-05_before_current_sft_smoke20,training/data/v3/sft/archive/2026-05-05_before_current_sft_smoke20/records.jsonl,50,v3_request_000063,repair_request_rebudget,需重标请求预算,repair,teacher 预算能贴合原请求目标，但请求金额不符合新版分档，需要重标请求预算/自由文本。,controlled,2026-05-03T18:14:17+08:00,深圳,limited,hard,5900,9400,11700,5420,4200,5900,below,ok,3.14,True,12
archive,archive/2026-05-05_before_current_sft_smoke20,training/data/v3/sft/archive/2026-05-05_before_current_sft_smoke20/records.jsonl,51,v3_request_000066,repair_request_rebudget,需重标请求预算,repair,teacher 预算能贴合原请求目标，但请求金额不符合新版分档，需要重标请求预算/自由文本。,controlled,2026-05-03T18:14:25+08:00,大理,limited,hard,1700,2700,3300,1300,1200,1700,below,ok,3.5047,True,6
archive,archive/2026-05-05_before_current_sft_smoke20,training/data/v3/sft/archive/2026-05-05_before_current_sft_smoke20/records.jsonl,52,v3_request_000064,repair_request_rebudget,需重标请求预算,repair,teacher 预算能贴合原请求目标，但请求金额不符合新版分档，需要重标请求预算/自由文本。,controlled,2026-05-03T18:14:27+08:00,杭州,standard,hard,6100,10900,14200,5084,3700,6100,below,ok,4.3816,True,10
archive,archive/2026-05-05_before_current_sft_smoke20,training/data/v3/sft/archive/2026-05-05_before_current_sft_smoke20/records.jsonl,53,v3_request_000060,repair_request_rebudget,需重标请求预算,repair,teacher 预算能贴合原请求目标，但请求金额不符合新版分档，需要重标请求预算/自由文本。,controlled,2026-05-03T18:14:40+08:00,厦门,limited,hard,1900,3700,4600,1730,1400,1900,below,ok,2.9242,True,5
archive,archive/2026-05-05_before_current_sft_smoke20,training/data/v3/sft/archive/2026-05-05_before_current_sft_smoke20/records.jsonl,54,v3_request_000039,repair_request_rebudget,需重标请求预算,repair,teacher 预算能贴合原请求目标，但请求金额不符合新版分档，需要重标请求预算/自由文本。,controlled,2026-05-03T18:14:41+08:00,深圳,standard,soft,6200,10600,13700,3920,3700,6500,below,ok,2.0485,True,12
archive,archive/2026-05-05_before_current_sft_smoke20,training/data/v3/sft/archive/2026-05-05_before_current_sft_smoke20/records.jsonl,55,v3_request_000074,repair_request_rebudget,需重标请求预算,repair,teacher 预算能贴合原请求目标，但请求金额不符合新版分档，需要重标请求预算/自由文本。,controlled,2026-05-03T18:14:45+08:00,桂林,limited,hard,1900,2800,3500,1730,1400,1900,below,ok,2.2832,True,8
archive,archive/2026-05-05_before_current_sft_smoke20,training/data/v3/sft/archive/2026-05-05_before_current_sft_smoke20/records.jsonl,56,v3_request_000038,repair_request_rebudget,需重标请求预算,repair,teacher 预算能贴合原请求目标，但请求金额不符合新版分档，需要重标请求预算/自由文本。,controlled,2026-05-03T18:14:57+08:00,厦门,standard,hard,4200,6200,8100,3342,2500,4200,below,ok,1.6433,True,9
archive,archive/2026-05-05_before_current_sft_smoke20,training/data/v3/sft/archive/2026-05-05_before_current_sft_smoke20/records.jsonl,57,v3_request_000059,repair_request_rebudget,需重标请求预算,repair,teacher 预算能贴合原请求目标，但请求金额不符合新版分档，需要重标请求预算/自由文本。,controlled,2026-05-03T18:15:00+08:00,宁波,comfortable,soft,1800,2900,4100,1634,1300,2000,below,ok,3.3689,True,9
archive,archive/2026-05-05_before_current_sft_smoke20,training/data/v3/sft/archive/2026-05-05_before_current_sft_smoke20/records.jsonl,58,v3_request_000061,repair_request_rebudget,需重标请求预算,repair,teacher 预算能贴合原请求目标，但请求金额不符合新版分档，需要重标请求预算/自由文本。,controlled,2026-05-03T18:15:09+08:00,天津,limited,soft,6800,10200,12100,6240,4900,7100,below,ok,2.8676,True,5
archive,archive/2026-05-05_before_current_sft_smoke20,training/data/v3/sft/archive/2026-05-05_before_current_sft_smoke20/records.jsonl,59,v3_request_000070,repair_request_rebudget,需重标请求预算,repair,teacher 预算能贴合原请求目标，但请求金额不符合新版分档，需要重标请求预算/自由文本。,controlled,2026-05-03T18:15:30+08:00,成都,standard,soft,3400,6300,8000,3246,2000,3600,below,ok,2.2294,True,5
archive,archive/2026-05-05_before_current_sft_smoke20,training/data/v3/sft/archive/2026-05-05_before_current_sft_smoke20/records.jsonl,60,v3_request_000028,repair_request_rebudget,需重标请求预算,repair,teacher 预算能贴合原请求目标，但请求金额不符合新版分档，需要重标请求预算/自由文本。,controlled,2026-05-03T18:15:33+08:00,深圳,standard,soft,5700,10900,14300,4346,3400,6000,below,ok,2.9228,True,10
archive,archive/2026-05-05_before_current_sft_smoke20,training/data/v3/sft/archive/2026-05-05_before_current_sft_smoke20/records.jsonl,61,v3_request_000054,repair_request_rebudget,需重标请求预算,repair,teacher 预算能贴合原请求目标，但请求金额不符合新版分档，需要重标请求预算/自由文本。,controlled,2026-05-03T18:15:45+08:00,广州,standard,soft,1900,3400,4000,1852,1100,2000,below,ok,1.5795,True,10
archive,archive/2026-05-05_before_current_sft_smoke20,training/data/v3/sft/archive/2026-05-05_before_current_sft_smoke20/records.jsonl,62,v3_request_000058,repair_request_rebudget,需重标请求预算,repair,teacher 预算能贴合原请求目标，但请求金额不符合新版分档，需要重标请求预算/自由文本。,controlled,2026-05-03T18:16:32+08:00,洛阳,standard,soft,3400,5500,7000,3382,2000,3600,below,ok,2.3068,True,10
archive,archive/2026-05-05_before_current_sft_smoke20,training/data/v3/sft/archive/2026-05-05_before_current_sft_smoke20/records.jsonl,63,v3_request_000078,repair_request_rebudget,需重标请求预算,repair,teacher 预算能贴合原请求目标，但请求金额不符合新版分档，需要重标请求预算/自由文本。,controlled,2026-05-03T18:16:32+08:00,大理,limited,hard,1000,1700,2100,940,700,1000,below,ok,3.382,True,8
archive,archive/2026-05-05_before_current_sft_smoke20,training/data/v3/sft/archive/2026-05-05_before_current_sft_smoke20/records.jsonl,64,v3_request_000069,nonbudget_only,仅适合非预算 SFT,nonbudget_only,strictness=none，无预算目标区间；可保留作 schema/grounding，预算训练不使用。,controlled,2026-05-03T18:16:45+08:00,桂林,comfortable,none,6200,9200,12400,4376,0,0,below,no_budget_policy,0.9206,False,8
archive,archive/2026-05-05_before_current_sft_smoke20,training/data/v3/sft/archive/2026-05-05_before_current_sft_smoke20/records.jsonl,65,v3_request_000082,repair_request_rebudget,需重标请求预算,repair,teacher 预算能贴合原请求目标，但请求金额不符合新版分档，需要重标请求预算/自由文本。,controlled,2026-05-03T18:17:24+08:00,西安,limited,soft,1200,2200,2600,1219,900,1300,below,ok,1.9058,True,7
archive,archive/2026-05-05_before_current_sft_smoke20,training/data/v3/sft/archive/2026-05-05_before_current_sft_smoke20/records.jsonl,66,v3_request_000030,repair_request_rebudget,需重标请求预算,repair,teacher 预算能贴合原请求目标，但请求金额不符合新版分档，需要重标请求预算/自由文本。,controlled,2026-05-03T18:17:27+08:00,三亚,comfortable,soft,7100,11900,15700,5585,5000,7800,below,ok,1.943,True,10
archive,archive/2026-05-05_before_current_sft_smoke20,training/data/v3/sft/archive/2026-05-05_before_current_sft_smoke20/records.jsonl,67,v3_request_000077,repair_request_rebudget,需重标请求预算,repair,teacher 预算能贴合原请求目标，但请求金额不符合新版分档，需要重标请求预算/自由文本。,controlled,2026-05-03T18:17:28+08:00,青岛,standard,soft,5200,8800,11700,4634,3100,5500,below,ok,2.089,True,9
archive,archive/2026-05-05_before_current_sft_smoke20,training/data/v3/sft/archive/2026-05-05_before_current_sft_smoke20/records.jsonl,68,v3_request_000080,repair_request_rebudget,需重标请求预算,repair,teacher 预算能贴合原请求目标，但请求金额不符合新版分档，需要重标请求预算/自由文本。,controlled,2026-05-03T18:17:33+08:00,张家界,standard,soft,3300,5400,6900,2353,2000,3500,below,ok,1.973,True,11
archive,archive/2026-05-05_before_current_sft_smoke20,training/data/v3/sft/archive/2026-05-05_before_current_sft_smoke20/records.jsonl,69,v3_request_000088,repair_request_rebudget,需重标请求预算,repair,teacher 预算能贴合原请求目标，但请求金额不符合新版分档，需要重标请求预算/自由文本。,controlled,2026-05-03T18:17:34+08:00,厦门,standard,soft,2300,4200,5300,2172,1400,2400,below,ok,2.4235,True,9
archive,archive/2026-05-05_before_current_sft_smoke20,training/data/v3/sft/archive/2026-05-05_before_current_sft_smoke20/records.jsonl,70,v3_request_000085,nonbudget_only,仅适合非预算 SFT,nonbudget_only,strictness=none，无预算目标区间；可保留作 schema/grounding，预算训练不使用。,controlled,2026-05-03T18:17:45+08:00,北京,luxury,none,37400,24700,33900,8440,0,0,above,no_budget_policy,0.4994,False,5
archive,archive/2026-05-05_before_current_sft_smoke20,training/data/v3/sft/archive/2026-05-05_before_current_sft_smoke20/records.jsonl,71,v3_request_000081,repair_request_rebudget,需重标请求预算,repair,teacher 预算能贴合原请求目标，但请求金额不符合新版分档，需要重标请求预算/自由文本。,controlled,2026-05-03T18:17:58+08:00,青岛,standard,soft,5100,7300,9200,4998,3100,5400,below,ok,1.4906,True,12
archive,archive/2026-05-05_before_current_sft_smoke20,training/data/v3/sft/archive/2026-05-05_before_current_sft_smoke20/records.jsonl,72,v3_request_000086,repair_request_rebudget,需重标请求预算,repair,teacher 预算能贴合原请求目标，但请求金额不符合新版分档，需要重标请求预算/自由文本。,controlled,2026-05-03T18:18:00+08:00,大理,comfortable,soft,2100,3500,4400,1993,1500,2300,below,ok,1.8962,True,8
archive,archive/2026-05-05_before_current_sft_smoke20,training/data/v3/sft/archive/2026-05-05_before_current_sft_smoke20/records.jsonl,73,v3_request_000079,repair_request_rebudget,需重标请求预算,repair,teacher 预算能贴合原请求目标，但请求金额不符合新版分档，需要重标请求预算/自由文本。,controlled,2026-05-03T18:18:12+08:00,成都,standard,soft,5700,9400,12700,3946,3400,6000,below,ok,3.534,True,10
archive,archive/2026-05-05_before_current_sft_smoke20,training/data/v3/sft/archive/2026-05-05_before_current_sft_smoke20/records.jsonl,74,v3_request_000094,repair_request_rebudget,需重标请求预算,repair,teacher 预算能贴合原请求目标，但请求金额不符合新版分档，需要重标请求预算/自由文本。,controlled,2026-05-03T18:18:46+08:00,重庆,limited,hard,800,1400,1600,733,600,800,below,ok,1.475,True,6
archive,archive/2026-05-05_before_current_sft_smoke20,training/data/v3/sft/archive/2026-05-05_before_current_sft_smoke20/records.jsonl,75,v3_request_000091,repair_request_rebudget,需重标请求预算,repair,teacher 预算能贴合原请求目标，但请求金额不符合新版分档，需要重标请求预算/自由文本。,controlled,2026-05-03T18:19:18+08:00,广州,standard,soft,2500,4000,5300,2298,1500,2600,below,ok,2.0016,True,10
archive,archive/2026-05-05_before_current_sft_smoke20,training/data/v3/sft/archive/2026-05-05_before_current_sft_smoke20/records.jsonl,76,v3_request_000084,repair_request_rebudget,需重标请求预算,repair,teacher 预算能贴合原请求目标，但请求金额不符合新版分档，需要重标请求预算/自由文本。,controlled,2026-05-03T18:19:30+08:00,呼和浩特,standard,soft,4100,7500,9600,3191,2500,4300,below,ok,2.3449,True,10
archive,archive/2026-05-05_before_current_sft_smoke20,training/data/v3/sft/archive/2026-05-05_before_current_sft_smoke20/records.jsonl,77,v3_request_000095,repair_request_rebudget,需重标请求预算,repair,teacher 预算能贴合原请求目标，但请求金额不符合新版分档，需要重标请求预算/自由文本。,controlled,2026-05-03T18:19:32+08:00,广州,limited,hard,2100,4600,6000,1712,1500,2100,below,ok,7.1362,True,10
archive,archive/2026-05-05_before_current_sft_smoke20,training/data/v3/sft/archive/2026-05-05_before_current_sft_smoke20/records.jsonl,78,v3_request_000035,repair_request_rebudget,需重标请求预算,repair,teacher 预算能贴合原请求目标，但请求金额不符合新版分档，需要重标请求预算/自由文本。,controlled,2026-05-03T18:19:36+08:00,深圳,comfortable,soft,6400,12900,17000,4927,4500,7000,below,ok,1.6997,True,5
archive,archive/2026-05-05_before_current_sft_smoke20,training/data/v3/sft/archive/2026-05-05_before_current_sft_smoke20/records.jsonl,79,v3_request_000075,repair_request_rebudget,需重标请求预算,repair,teacher 预算能贴合原请求目标，但请求金额不符合新版分档，需要重标请求预算/自由文本。,controlled,2026-05-03T18:19:44+08:00,杭州,standard,soft,4100,7900,10400,3072,2500,4300,below,ok,4.9449,True,10
archive,archive/2026-05-05_before_current_sft_smoke20,training/data/v3/sft/archive/2026-05-05_before_current_sft_smoke20/records.jsonl,80,v3_request_000101,repair_request_rebudget,需重标请求预算,repair,teacher 预算能贴合原请求目标，但请求金额不符合新版分档，需要重标请求预算/自由文本。,controlled,2026-05-03T18:20:28+08:00,长沙,standard,soft,2100,3700,4800,2000,1300,2200,below,ok,1.48,True,5
archive,archive/2026-05-05_before_current_sft_smoke20,training/data/v3/sft/archive/2026-05-05_before_current_sft_smoke20/records.jsonl,81,v3_request_000093,repair_request_rebudget,需重标请求预算,repair,teacher 预算能贴合原请求目标，但请求金额不符合新版分档，需要重标请求预算/自由文本。,controlled,2026-05-03T18:20:40+08:00,贵阳,standard,soft,3700,6900,9000,2860,2200,3900,below,ok,0.9243,False,0
archive,archive/2026-05-05_before_current_sft_smoke20,training/data/v3/sft/archive/2026-05-05_before_current_sft_smoke20/records.jsonl,82,v3_request_000071,repair_request_rebudget,需重标请求预算,repair,teacher 预算能贴合原请求目标，但请求金额不符合新版分档，需要重标请求预算/自由文本。,controlled,2026-05-03T18:20:43+08:00,沈阳,limited,hard,4300,6000,7600,3644,3100,4300,below,ok,3.2223,True,10
archive,archive/2026-05-05_before_current_sft_smoke20,training/data/v3/sft/archive/2026-05-05_before_current_sft_smoke20/records.jsonl,83,v3_request_000104,repair_request_rebudget,需重标请求预算,repair,teacher 预算能贴合原请求目标，但请求金额不符合新版分档，需要重标请求预算/自由文本。,controlled,2026-05-03T18:20:59+08:00,杭州,standard,hard,2400,4600,5800,2182,1400,2400,below,ok,3.0258,True,10
archive,archive/2026-05-05_before_current_sft_smoke20,training/data/v3/sft/archive/2026-05-05_before_current_sft_smoke20/records.jsonl,84,v3_request_000105,repair_request_rebudget,需重标请求预算,repair,teacher 预算能贴合原请求目标，但请求金额不符合新版分档，需要重标请求预算/自由文本。,controlled,2026-05-03T18:21:01+08:00,南京,standard,soft,3500,6300,8600,3024,2100,3700,below,ok,4.8223,True,10
archive,archive/2026-05-05_before_current_sft_smoke20,training/data/v3/sft/archive/2026-05-05_before_current_sft_smoke20/records.jsonl,85,v3_request_000097,repair_request_rebudget,需重标请求预算,repair,teacher 预算能贴合原请求目标，但请求金额不符合新版分档，需要重标请求预算/自由文本。,controlled,2026-05-03T18:21:08+08:00,张家界,standard,soft,4700,9700,12200,4813,2800,4900,below,ok,2.28,True,8
archive,archive/2026-05-05_before_current_sft_smoke20,training/data/v3/sft/archive/2026-05-05_before_current_sft_smoke20/records.jsonl,86,v3_request_000106,repair_request_rebudget,需重标请求预算,repair,teacher 预算能贴合原请求目标，但请求金额不符合新版分档，需要重标请求预算/自由文本。,controlled,2026-05-03T18:21:12+08:00,杭州,limited,soft,1700,3100,3500,1632,1200,1800,below,ok,4.0118,True,12
archive,archive/2026-05-05_before_current_sft_smoke20,training/data/v3/sft/archive/2026-05-05_before_current_sft_smoke20/records.jsonl,87,v3_request_000072,repair_request_rebudget,需重标请求预算,repair,teacher 预算能贴合原请求目标，但请求金额不符合新版分档，需要重标请求预算/自由文本。,controlled,2026-05-03T18:21:15+08:00,哈尔滨,comfortable,soft,3400,5100,7000,2406,2400,3700,below,ok,1.1141,True,5
archive,archive/2026-05-05_before_current_sft_smoke20,training/data/v3/sft/archive/2026-05-05_before_current_sft_smoke20/records.jsonl,88,v3_request_000098,repair_request_rebudget,需重标请求预算,repair,teacher 预算能贴合原请求目标，但请求金额不符合新版分档，需要重标请求预算/自由文本。,controlled,2026-05-03T18:21:46+08:00,广州,standard,soft,4100,7900,10400,3020,2500,4300,below,ok,1.3585,True,0
archive,archive/2026-05-05_before_current_sft_smoke20,training/data/v3/sft/archive/2026-05-05_before_current_sft_smoke20/records.jsonl,89,v3_request_000108,repair_request_rebudget,需重标请求预算,repair,teacher 预算能贴合原请求目标，但请求金额不符合新版分档，需要重标请求预算/自由文本。,controlled,2026-05-03T18:21:49+08:00,青岛,standard,hard,3400,5200,6700,3050,2000,3400,below,ok,1.6094,True,9
archive,archive/2026-05-05_before_current_sft_smoke20,training/data/v3/sft/archive/2026-05-05_before_current_sft_smoke20/records.jsonl,90,v3_request_000112,repair_request_rebudget,需重标请求预算,repair,teacher 预算能贴合原请求目标，但请求金额不符合新版分档，需要重标请求预算/自由文本。,controlled,2026-05-03T18:21:53+08:00,大连,limited,soft,1100,1500,1900,1040,800,1200,below,ok,3.1473,True,10
archive,archive/2026-05-05_before_current_sft_smoke20,training/data/v3/sft/archive/2026-05-05_before_current_sft_smoke20/records.jsonl,91,v3_request_000103,repair_request_rebudget,需重标请求预算,repair,teacher 预算能贴合原请求目标，但请求金额不符合新版分档，需要重标请求预算/自由文本。,controlled,2026-05-03T18:21:59+08:00,扬州,comfortable,hard,5600,7000,8500,4175,3900,5600,below,ok,1.2452,True,10
archive,archive/2026-05-05_before_current_sft_smoke20,training/data/v3/sft/archive/2026-05-05_before_current_sft_smoke20/records.jsonl,92,v3_request_000109,repair_request_rebudget,需重标请求预算,repair,teacher 预算能贴合原请求目标，但请求金额不符合新版分档，需要重标请求预算/自由文本。,controlled,2026-05-03T18:22:18+08:00,昆明,limited,hard,1700,2500,3100,1333,1200,1700,below,ok,5.2788,True,10
archive,archive/2026-05-05_before_current_sft_smoke20,training/data/v3/sft/archive/2026-05-05_before_current_sft_smoke20/records.jsonl,93,v3_request_000114,nonbudget_only,仅适合非预算 SFT,nonbudget_only,strictness=none，无预算目标区间；可保留作 schema/grounding，预算训练不使用。,controlled,2026-05-03T18:22:41+08:00,丽江,standard,none,3400,6000,7700,3157,0,0,below,no_budget_policy,3.3935,True,9
archive,archive/2026-05-05_before_current_sft_smoke20,training/data/v3/sft/archive/2026-05-05_before_current_sft_smoke20/records.jsonl,94,v3_request_000120,repair_request_rebudget,需重标请求预算,repair,teacher 预算能贴合原请求目标，但请求金额不符合新版分档，需要重标请求预算/自由文本。,controlled,2026-05-03T18:23:01+08:00,珠海,comfortable,soft,3200,5400,7100,2699,2200,3500,below,ok,1.6634,True,5
archive,archive/2026-05-05_before_current_sft_smoke20,training/data/v3/sft/archive/2026-05-05_before_current_sft_smoke20/records.jsonl,95,v3_request_000115,repair_request_rebudget,需重标请求预算,repair,teacher 预算能贴合原请求目标，但请求金额不符合新版分档，需要重标请求预算/自由文本。,controlled,2026-05-03T18:23:03+08:00,呼和浩特,standard,soft,1600,2500,3200,1480,1000,1700,below,ok,1.2619,True,10
archive,archive/2026-05-05_before_current_sft_smoke20,training/data/v3/sft/archive/2026-05-05_before_current_sft_smoke20/records.jsonl,96,v3_request_000116,repair_request_rebudget,需重标请求预算,repair,teacher 预算能贴合原请求目标，但请求金额不符合新版分档，需要重标请求预算/自由文本。,controlled,2026-05-03T18:23:08+08:00,大理,standard,hard,3800,8500,10800,3275,2300,3800,below,ok,3.8813,True,8
archive,archive/2026-05-05_before_current_sft_smoke20,training/data/v3/sft/archive/2026-05-05_before_current_sft_smoke20/records.jsonl,97,v3_request_000107,repair_request_rebudget,需重标请求预算,repair,teacher 预算能贴合原请求目标，但请求金额不符合新版分档，需要重标请求预算/自由文本。,controlled,2026-05-03T18:23:15+08:00,武汉,comfortable,soft,6200,9300,11800,4310,4300,6800,below,ok,1.1768,True,10
archive,archive/2026-05-05_before_current_sft_smoke20,training/data/v3/sft/archive/2026-05-05_before_current_sft_smoke20/records.jsonl,98,v3_request_000102,repair_request_rebudget,需重标请求预算,repair,teacher 预算能贴合原请求目标，但请求金额不符合新版分档，需要重标请求预算/自由文本。,controlled,2026-05-03T18:23:35+08:00,上海,limited,hard,2200,3900,5000,2105,1600,2200,below,ok,7.3332,True,10
archive,archive/2026-05-05_before_current_sft_smoke20,training/data/v3/sft/archive/2026-05-05_before_current_sft_smoke20/records.jsonl,99,v3_request_000099,repair_request_rebudget,需重标请求预算,repair,teacher 预算能贴合原请求目标，但请求金额不符合新版分档，需要重标请求预算/自由文本。,controlled,2026-05-03T18:24:18+08:00,厦门,standard,soft,4500,6700,9000,3940,2700,4700,below,ok,3.6551,True,9
archive,archive/2026-05-05_before_current_sft_smoke20,training/data/v3/sft/archive/2026-05-05_before_current_sft_smoke20/records.jsonl,100,v3_request_000076,drop_or_full_regen,预算训练淘汰或整条重做,drop_or_regenerate,请求预算和 teacher 预算至少两侧不匹配，预算训练建议淘汰或整条重做。,controlled,2026-05-03T18:25:02+08:00,长沙,premium,soft,12600,14500,19700,9020,9400,14100,below,below,0.7224,False,10
archive,archive/2026-05-05_before_current_sft_smoke20,training/data/v3/sft/archive/2026-05-05_before_current_sft_smoke20/records.jsonl,101,v3_request_000096,repair_request_rebudget,需重标请求预算,repair,teacher 预算能贴合原请求目标，但请求金额不符合新版分档，需要重标请求预算/自由文本。,controlled,2026-05-03T18:25:08+08:00,南京,comfortable,soft,5700,8400,11000,5492,4000,6300,below,ok,1.3211,True,10
archive,archive/2026-05-05_before_current_sft_smoke20,training/data/v3/sft/archive/2026-05-05_before_current_sft_smoke20/records.jsonl,102,v3_request_000100,repair_request_rebudget,需重标请求预算,repair,teacher 预算能贴合原请求目标，但请求金额不符合新版分档，需要重标请求预算/自由文本。,controlled,2026-05-03T18:25:14+08:00,西安,standard,soft,3000,4600,5800,2428,1800,3200,below,ok,1.2387,True,5
archive,archive/2026-05-05_before_current_sft_smoke20,training/data/v3/sft/archive/2026-05-05_before_current_sft_smoke20/records.jsonl,103,v3_request_000117,drop_or_full_regen,预算训练淘汰或整条重做,drop_or_regenerate,请求预算和 teacher 预算至少两侧不匹配，预算训练建议淘汰或整条重做。,controlled,2026-05-03T18:26:18+08:00,大理,comfortable,soft,4200,6100,8000,2746,2900,4600,below,below,1.2738,True,8
archive,archive/2026-05-05_before_current_sft_smoke20,training/data/v3/sft/archive/2026-05-05_before_current_sft_smoke20/records.jsonl,104,v3_request_000111,repair_request_rebudget,需重标请求预算,repair,teacher 预算能贴合原请求目标，但请求金额不符合新版分档，需要重标请求预算/自由文本。,controlled,2026-05-03T18:26:57+08:00,珠海,comfortable,soft,4300,7700,10300,4190,3000,4700,below,ok,1.5407,True,5
archive,archive/2026-05-05_before_current_sft_smoke20,training/data/v3/sft/archive/2026-05-05_before_current_sft_smoke20/records.jsonl,105,v3_request_000092,repair_request_rebudget,需重标请求预算,repair,teacher 预算能贴合原请求目标，但请求金额不符合新版分档，需要重标请求预算/自由文本。,controlled,2026-05-03T18:27:07+08:00,大理,standard,soft,4700,6600,8500,3952,2800,4900,below,ok,1.8821,True,12
archive,archive/2026-05-05_before_current_sft_smoke20,training/data/v3/sft/archive/2026-05-05_before_current_sft_smoke20/records.jsonl,106,v3_request_000113,repair_request_rebudget,需重标请求预算,repair,teacher 预算能贴合原请求目标，但请求金额不符合新版分档，需要重标请求预算/自由文本。,controlled,2026-05-03T18:28:00+08:00,重庆,limited,hard,1000,1700,2000,942,700,1000,below,ok,1.653,True,12
archive,archive/2026-05-05_before_current_sft_smoke20,training/data/v3/sft/archive/2026-05-05_before_current_sft_smoke20/records.jsonl,107,v3_request_000110,repair_request_rebudget,需重标请求预算,repair,teacher 预算能贴合原请求目标，但请求金额不符合新版分档，需要重标请求预算/自由文本。,controlled,2026-05-03T18:29:15+08:00,沈阳,comfortable,soft,4600,6300,8600,3226,3200,5100,below,ok,1.0574,True,10
archive,archive/2026-05-05_failed_smoke20_before_budget_fix,training/data/v3/sft/archive/2026-05-05_failed_smoke20_before_budget_fix/records.jsonl,1,v3_request_000001,repair_request_rebudget,需重标请求预算,repair,teacher 预算能贴合原请求目标，但请求金额不符合新版分档，需要重标请求预算/自由文本。,controlled,2026-05-05T17:10:38+08:00,桂林,comfortable,soft,4200,6100,8000,3374,2900,4600,below,ok,1.1833,True,12
archive,archive/2026-05-05_failed_smoke20_before_budget_fix,training/data/v3/sft/archive/2026-05-05_failed_smoke20_before_budget_fix/records.jsonl,2,v3_request_000002,repair_request_rebudget,需重标请求预算,repair,teacher 预算能贴合原请求目标，但请求金额不符合新版分档，需要重标请求预算/自由文本。,controlled,2026-05-05T17:13:41+08:00,杭州,limited,hard,1700,3100,3700,1551,1200,1700,below,ok,1.9494,True,15
archive,archive/2026-05-05_failed_smoke20_before_budget_fix,training/data/v3/sft/archive/2026-05-05_failed_smoke20_before_budget_fix/records.jsonl,3,v3_request_000016,repair_request_rebudget,需重标请求预算,repair,teacher 预算能贴合原请求目标，但请求金额不符合新版分档，需要重标请求预算/自由文本。,controlled,2026-05-05T17:20:25+08:00,苏州,limited,soft,1900,2500,3200,1894,1400,2000,below,ok,2.6642,True,18
archive,archive/2026-05-05_failed_smoke20_before_budget_fix,training/data/v3/sft/archive/2026-05-05_failed_smoke20_before_budget_fix/records.jsonl,4,v3_request_000010,repair_request_rebudget,需重标请求预算,repair,teacher 预算能贴合原请求目标，但请求金额不符合新版分档，需要重标请求预算/自由文本。,controlled,2026-05-05T17:20:51+08:00,西安,standard,soft,3200,4900,6600,3392,1900,3400,below,ok,1.4013,True,11
archive,archive/2026-05-05_failed_smoke20_before_budget_fix,training/data/v3/sft/archive/2026-05-05_failed_smoke20_before_budget_fix/records.jsonl,5,v3_request_000012,usable_budget_candidate_tight,预算可用但候选偏紧,use_with_caution,请求和 teacher 预算都合格，但候选池高配估算低于用户预算，不适合训练用满预算。,controlled,2026-05-05T17:22:36+08:00,洛阳,luxury,soft,21300,17400,23100,18995,16000,25100,ok,ok,0.6086,False,8
archive,archive/2026-05-05_interrupted_no_budget_numbers_smoke,training/data/v3/sft/archive/2026-05-05_interrupted_no_budget_numbers_smoke/records.jsonl,1,v3_request_000117,repair_request_rebudget,需重标请求预算,repair,teacher 预算能贴合原请求目标，但请求金额不符合新版分档，需要重标请求预算/自由文本。,controlled,2026-05-05T21:22:47+08:00,大理,comfortable,soft,5800,6100,8000,4974,4100,6400,below,ok,0.9524,False,8
archive,archive/2026-05-05_interrupted_no_budget_numbers_smoke,training/data/v3/sft/archive/2026-05-05_interrupted_no_budget_numbers_smoke/records.jsonl,2,v3_request_000107,repair_request_rebudget,需重标请求预算,repair,teacher 预算能贴合原请求目标，但请求金额不符合新版分档，需要重标请求预算/自由文本。,controlled,2026-05-05T21:22:49+08:00,武汉,comfortable,soft,8200,9300,11800,6038,5700,9000,below,ok,0.8171,False,8
archive,archive/2026-05-05_interrupted_no_budget_numbers_smoke,training/data/v3/sft/archive/2026-05-05_interrupted_no_budget_numbers_smoke/records.jsonl,3,v3_request_000106,repair_request_rebudget,需重标请求预算,repair,teacher 预算能贴合原请求目标，但请求金额不符合新版分档，需要重标请求预算/自由文本。,controlled,2026-05-05T21:22:54+08:00,杭州,limited,hard,2000,3100,3500,1569,1400,2000,below,ok,1.562,True,15
archive,archive/2026-05-05_interrupted_no_budget_numbers_smoke,training/data/v3/sft/archive/2026-05-05_interrupted_no_budget_numbers_smoke/records.jsonl,4,v3_request_000105,nonbudget_only,仅适合非预算 SFT,nonbudget_only,strictness=none，无预算目标区间；可保留作 schema/grounding，预算训练不使用。,controlled,2026-05-05T21:23:07+08:00,南京,standard,none,2800,3200,4300,2270,0,0,below,no_budget_policy,1.2757,True,9
archive,archive/2026-05-05_interrupted_no_budget_numbers_smoke,training/data/v3/sft/archive/2026-05-05_interrupted_no_budget_numbers_smoke/records.jsonl,5,v3_request_000111,usable_budget_clean,预算主集可用,use,请求预算符合新分档，teacher 预算在目标区间，候选池可支撑预算。,controlled,2026-05-05T21:23:33+08:00,珠海,comfortable,soft,9400,8200,10800,9329,6600,10300,ok,ok,1.4311,True,15
archive,archive/2026-05-05_interrupted_no_budget_numbers_smoke,training/data/v3/sft/archive/2026-05-05_interrupted_no_budget_numbers_smoke/records.jsonl,6,v3_request_000110,usable_budget_candidate_tight,预算可用但候选偏紧,use_with_caution,请求和 teacher 预算都合格，但候选池高配估算低于用户预算，不适合训练用满预算。,controlled,2026-05-05T21:23:55+08:00,沈阳,comfortable,soft,6300,6300,8600,5160,4400,6900,ok,ok,0.5606,False,8
archive,archive/2026-05-05_interrupted_no_budget_numbers_smoke,training/data/v3/sft/archive/2026-05-05_interrupted_no_budget_numbers_smoke/records.jsonl,7,v3_request_000103,usable_budget_candidate_tight,预算可用但候选偏紧,use_with_caution,请求和 teacher 预算都合格，但候选池高配估算低于用户预算，不适合训练用满预算。,controlled,2026-05-05T21:25:52+08:00,扬州,comfortable,hard,7900,7700,9100,7848,5500,7900,ok,ok,0.9956,False,16
archive,archive/2026-05-05_interrupted_no_budget_numbers_smoke,training/data/v3/sft/archive/2026-05-05_interrupted_no_budget_numbers_smoke/records.jsonl,8,v3_request_000113,repair_request_rebudget,需重标请求预算,repair,teacher 预算能贴合原请求目标，但请求金额不符合新版分档，需要重标请求预算/自由文本。,controlled,2026-05-05T21:26:36+08:00,重庆,limited,soft,1200,1700,2000,1080,900,1300,below,ok,1.5125,True,23
archive,archive/2026-05-05_interrupted_no_budget_numbers_smoke,training/data/v3/sft/archive/2026-05-05_interrupted_no_budget_numbers_smoke/records.jsonl,9,v3_request_000101,repair_request_rebudget,需重标请求预算,repair,teacher 预算能贴合原请求目标，但请求金额不符合新版分档，需要重标请求预算/自由文本。,controlled,2026-05-05T21:28:19+08:00,长沙,standard,soft,3000,3700,4800,3184,1800,3200,below,ok,2.0567,True,16
archive,archive/2026-05-05_interrupted_no_budget_numbers_smoke,training/data/v3/sft/archive/2026-05-05_interrupted_no_budget_numbers_smoke/records.jsonl,10,v3_request_000119,usable_budget_candidate_tight,预算可用但候选偏紧,use_with_caution,请求和 teacher 预算都合格，但候选池高配估算低于用户预算，不适合训练用满预算。,controlled,2026-05-05T21:28:42+08:00,哈尔滨,comfortable,soft,5200,4700,6600,4658,3600,5700,ok,ok,0.9288,False,8
archive,archive/2026-05-05_interrupted_no_budget_numbers_smoke,training/data/v3/sft/archive/2026-05-05_interrupted_no_budget_numbers_smoke/records.jsonl,11,v3_request_000104,drop_or_full_regen,预算训练淘汰或整条重做,drop_or_regenerate,请求预算和 teacher 预算至少两侧不匹配，预算训练建议淘汰或整条重做。,controlled,2026-05-05T21:32:50+08:00,杭州,standard,hard,3400,4600,5800,3480,2000,3400,below,above,1.5224,True,9
archive,archive/2026-05-05_interrupted_smoke20_before_family_budget_factor,training/data/v3/sft/archive/2026-05-05_interrupted_smoke20_before_family_budget_factor/records.jsonl,1,v3_request_000002,repair_request_rebudget,需重标请求预算,repair,teacher 预算能贴合原请求目标，但请求金额不符合新版分档，需要重标请求预算/自由文本。,controlled,2026-05-05T17:48:19+08:00,杭州,limited,soft,2100,3100,3700,1638,1500,2200,below,ok,1.5781,True,15
archive,archive/2026-05-05_interrupted_smoke20_before_family_budget_factor,training/data/v3/sft/archive/2026-05-05_interrupted_smoke20_before_family_budget_factor/records.jsonl,2,v3_request_000003,drop_or_full_regen,预算训练淘汰或整条重做,drop_or_regenerate,请求预算和 teacher 预算至少两侧不匹配，预算训练建议淘汰或整条重做。,controlled,2026-05-05T17:49:31+08:00,西安,standard,soft,12000,12600,15700,12777,7200,12600,below,above,1.3257,True,18
archive,archive/2026-05-05_interrupted_smoke20_before_family_budget_factor,training/data/v3/sft/archive/2026-05-05_interrupted_smoke20_before_family_budget_factor/records.jsonl,3,v3_request_000001,repair_request_rebudget,需重标请求预算,repair,teacher 预算能贴合原请求目标，但请求金额不符合新版分档，需要重标请求预算/自由文本。,controlled,2026-05-05T17:52:01+08:00,桂林,comfortable,soft,5600,6100,8000,4706,3900,6200,below,ok,0.8875,False,12
archive,archive/2026-05-05_interrupted_smoke20_before_validation_relax,training/data/v3/sft/archive/2026-05-05_interrupted_smoke20_before_validation_relax/records.jsonl,1,v3_request_000002,repair_request_rebudget,需重标请求预算,repair,teacher 预算能贴合原请求目标，但请求金额不符合新版分档，需要重标请求预算/自由文本。,controlled,2026-05-05T17:32:12+08:00,杭州,limited,hard,2100,3100,3700,1914,1500,2100,below,ok,1.5781,True,15
archive,archive/2026-05-05_interrupted_smoke20_before_validation_relax,training/data/v3/sft/archive/2026-05-05_interrupted_smoke20_before_validation_relax/records.jsonl,2,v3_request_000008,repair_request_rebudget,需重标请求预算,repair,teacher 预算能贴合原请求目标，但请求金额不符合新版分档，需要重标请求预算/自由文本。,controlled,2026-05-05T17:35:10+08:00,大理,standard,soft,2900,3700,4800,2810,1700,3000,below,ok,1.8497,True,9
archive,archive/2026-05-05_interrupted_smoke20_before_validation_relax,training/data/v3/sft/archive/2026-05-05_interrupted_smoke20_before_validation_relax/records.jsonl,3,v3_request_000003,drop_or_full_regen,预算训练淘汰或整条重做,drop_or_regenerate,请求预算和 teacher 预算至少两侧不匹配，预算训练建议淘汰或整条重做。,controlled,2026-05-05T17:39:37+08:00,西安,standard,soft,12000,12600,15700,13164,7200,12600,below,above,1.3257,True,18
archive,archive/2026-05-05_interrupted_smoke20_before_validation_relax,training/data/v3/sft/archive/2026-05-05_interrupted_smoke20_before_validation_relax/records.jsonl,4,v3_request_000001,repair_request_rebudget,需重标请求预算,repair,teacher 预算能贴合原请求目标，但请求金额不符合新版分档，需要重标请求预算/自由文本。,controlled,2026-05-05T17:40:24+08:00,桂林,comfortable,soft,5600,6100,8000,5410,3900,6200,below,ok,0.8875,False,12
archive,archive/2026-05-05_smoke20_before_breakfast_bucket,training/data/v3/sft/archive/2026-05-05_smoke20_before_breakfast_bucket/records.jsonl,1,v3_request_000116,repair_request_rebudget,需重标请求预算,repair,teacher 预算能贴合原请求目标，但请求金额不符合新版分档，需要重标请求预算/自由文本。,controlled,2026-05-05T23:12:27+08:00,大理,standard,hard,6800,8500,10800,4636,4100,6800,below,ok,1.7878,True,20
archive,archive/2026-05-05_smoke20_before_breakfast_bucket,training/data/v3/sft/archive/2026-05-05_smoke20_before_breakfast_bucket/records.jsonl,2,v3_request_000112,usable_budget_clean,预算主集可用,use,请求预算符合新分档，teacher 预算在目标区间，候选池可支撑预算。,controlled,2026-05-05T23:12:28+08:00,大连,limited,hard,1500,1500,1900,1448,1100,1500,ok,ok,2.3613,True,23
archive,archive/2026-05-05_smoke20_before_breakfast_bucket,training/data/v3/sft/archive/2026-05-05_smoke20_before_breakfast_bucket/records.jsonl,3,v3_request_000105,nonbudget_only,仅适合非预算 SFT,nonbudget_only,strictness=none，无预算目标区间；可保留作 schema/grounding，预算训练不使用。,controlled,2026-05-05T23:12:50+08:00,南京,standard,none,2800,3200,4300,1600,0,0,below,no_budget_policy,1.2093,True,19
archive,archive/2026-05-05_smoke20_before_breakfast_bucket,training/data/v3/sft/archive/2026-05-05_smoke20_before_breakfast_bucket/records.jsonl,4,v3_request_000113,repair_request_rebudget,需重标请求预算,repair,teacher 预算能贴合原请求目标，但请求金额不符合新版分档，需要重标请求预算/自由文本。,controlled,2026-05-05T23:12:52+08:00,重庆,limited,soft,1200,1700,2000,1173,900,1300,below,ok,1.5667,True,30
archive,archive/2026-05-05_smoke20_before_breakfast_bucket,training/data/v3/sft/archive/2026-05-05_smoke20_before_breakfast_bucket/records.jsonl,5,v3_request_000104,repair_request_rebudget,需重标请求预算,repair,teacher 预算能贴合原请求目标，但请求金额不符合新版分档，需要重标请求预算/自由文本。,controlled,2026-05-05T23:13:36+08:00,杭州,standard,hard,3400,4600,5800,3170,2000,3400,below,ok,1.3182,True,20
archive,archive/2026-05-05_smoke20_before_breakfast_bucket,training/data/v3/sft/archive/2026-05-05_smoke20_before_breakfast_bucket/records.jsonl,6,v3_request_000109,usable_budget_clean,预算主集可用,use,请求预算符合新分档，teacher 预算在目标区间，候选池可支撑预算。,controlled,2026-05-05T23:13:42+08:00,昆明,limited,soft,2600,2500,3100,2574,1900,2700,ok,ok,2.8285,True,23
archive,archive/2026-05-05_smoke20_before_breakfast_bucket,training/data/v3/sft/archive/2026-05-05_smoke20_before_breakfast_bucket/records.jsonl,7,v3_request_000108,drop_or_full_regen,预算训练淘汰或整条重做,drop_or_regenerate,请求预算和 teacher 预算至少两侧不匹配，预算训练建议淘汰或整条重做。,controlled,2026-05-05T23:13:49+08:00,青岛,standard,soft,19200,13800,17600,10695,11500,20200,above,below,0.7435,False,24
archive,archive/2026-05-05_smoke20_before_breakfast_bucket,training/data/v3/sft/archive/2026-05-05_smoke20_before_breakfast_bucket/records.jsonl,8,v3_request_000100,repair_teacher_regen,需重生成 teacher,repair,请求预算符合新分档，但 teacher 预算低于目标区间，需要重生成 teacher。,controlled,2026-05-05T23:13:49+08:00,西安,standard,soft,14000,11800,14900,7910,8400,14700,ok,below,1.1229,True,28
archive,archive/2026-05-05_smoke20_before_breakfast_bucket,training/data/v3/sft/archive/2026-05-05_smoke20_before_breakfast_bucket/records.jsonl,9,v3_request_000106,repair_request_rebudget,需重标请求预算,repair,teacher 预算能贴合原请求目标，但请求金额不符合新版分档，需要重标请求预算/自由文本。,controlled,2026-05-05T23:14:10+08:00,杭州,limited,hard,2000,3100,3500,1653,1400,2000,below,ok,1.6725,True,23
archive,archive/2026-05-05_smoke20_before_breakfast_bucket,training/data/v3/sft/archive/2026-05-05_smoke20_before_breakfast_bucket/records.jsonl,10,v3_request_000111,usable_budget_clean,预算主集可用,use,请求预算符合新分档，teacher 预算在目标区间，候选池可支撑预算。,controlled,2026-05-05T23:14:22+08:00,珠海,comfortable,soft,9400,8200,10800,8859,6600,10300,ok,ok,1.0293,True,26
archive,archive/2026-05-05_smoke20_before_breakfast_bucket,training/data/v3/sft/archive/2026-05-05_smoke20_before_breakfast_bucket/records.jsonl,11,v3_request_000101,repair_request_rebudget,需重标请求预算,repair,teacher 预算能贴合原请求目标，但请求金额不符合新版分档，需要重标请求预算/自由文本。,controlled,2026-05-05T23:14:39+08:00,长沙,standard,soft,3000,3700,4800,1818,1800,3200,below,ok,1.2687,True,23
archive,archive/2026-05-05_smoke20_before_breakfast_bucket,training/data/v3/sft/archive/2026-05-05_smoke20_before_breakfast_bucket/records.jsonl,12,v3_request_000103,usable_budget_clean,预算主集可用,use,请求预算符合新分档，teacher 预算在目标区间，候选池可支撑预算。,controlled,2026-05-05T23:14:45+08:00,扬州,comfortable,hard,7900,7700,9100,6834,5500,7900,ok,ok,1.0589,True,26
archive,archive/2026-05-05_smoke20_before_breakfast_bucket,training/data/v3/sft/archive/2026-05-05_smoke20_before_breakfast_bucket/records.jsonl,13,v3_request_000102,drop_or_full_regen,预算训练淘汰或整条重做,drop_or_regenerate,请求预算和 teacher 预算至少两侧不匹配，预算训练建议淘汰或整条重做。,controlled,2026-05-05T23:15:00+08:00,上海,limited,soft,3500,3900,5000,4096,2500,3700,below,above,3.9906,True,27
archive,archive/2026-05-05_smoke20_before_breakfast_bucket,training/data/v3/sft/archive/2026-05-05_smoke20_before_breakfast_bucket/records.jsonl,14,v3_request_000107,drop_or_full_regen,预算训练淘汰或整条重做,drop_or_regenerate,请求预算和 teacher 预算至少两侧不匹配，预算训练建议淘汰或整条重做。,controlled,2026-05-05T23:15:00+08:00,武汉,comfortable,soft,8200,9300,11800,5474,5700,9000,below,below,0.7573,False,20
archive,archive/2026-05-05_smoke20_before_breakfast_bucket,training/data/v3/sft/archive/2026-05-05_smoke20_before_breakfast_bucket/records.jsonl,15,v3_request_000114,usable_budget_candidate_tight,预算可用但候选偏紧,use_with_caution,请求和 teacher 预算都合格，但候选池高配估算低于用户预算，不适合训练用满预算。,controlled,2026-05-05T23:15:13+08:00,丽江,standard,soft,5100,4200,5300,3810,3100,5400,ok,ok,0.7388,False,27
archive,archive/2026-05-05_smoke20_before_breakfast_bucket,training/data/v3/sft/archive/2026-05-05_smoke20_before_breakfast_bucket/records.jsonl,16,v3_request_000119,repair_teacher_regen,需重生成 teacher,repair,请求预算符合新分档，但 teacher 预算低于目标区间，需要重生成 teacher。,controlled,2026-05-05T23:15:40+08:00,哈尔滨,comfortable,soft,5200,4700,6600,3070,3600,5700,ok,below,0.8292,False,20
archive,archive/2026-05-05_smoke20_before_breakfast_bucket,training/data/v3/sft/archive/2026-05-05_smoke20_before_breakfast_bucket/records.jsonl,17,v3_request_000115,drop_or_full_regen,预算训练淘汰或整条重做,drop_or_regenerate,请求预算和 teacher 预算至少两侧不匹配，预算训练建议淘汰或整条重做。,controlled,2026-05-05T23:17:03+08:00,呼和浩特,standard,soft,18600,12500,15900,10200,11200,19500,above,below,0.5801,False,26
archive,archive/2026-05-05_smoke20_before_budget_narrative_validator,training/data/v3/sft/archive/2026-05-05_smoke20_before_budget_narrative_validator/records.jsonl,1,v3_request_000117,repair_request_rebudget,需重标请求预算,repair,teacher 预算能贴合原请求目标，但请求金额不符合新版分档，需要重标请求预算/自由文本。,controlled,2026-05-05T20:26:47+08:00,大理,comfortable,soft,5800,6100,8000,4614,4100,6400,below,ok,0.9524,False,8
archive,archive/2026-05-05_smoke20_before_budget_narrative_validator,training/data/v3/sft/archive/2026-05-05_smoke20_before_budget_narrative_validator/records.jsonl,2,v3_request_000113,drop_or_full_regen,预算训练淘汰或整条重做,drop_or_regenerate,请求预算和 teacher 预算至少两侧不匹配，预算训练建议淘汰或整条重做。,controlled,2026-05-05T20:27:11+08:00,重庆,limited,soft,1200,1700,2000,1306,900,1300,below,above,1.5125,True,23
archive,archive/2026-05-05_smoke20_before_budget_narrative_validator,training/data/v3/sft/archive/2026-05-05_smoke20_before_budget_narrative_validator/records.jsonl,3,v3_request_000109,usable_budget_clean,预算主集可用,use,请求预算符合新分档，teacher 预算在目标区间，候选池可支撑预算。,controlled,2026-05-05T20:27:12+08:00,昆明,limited,soft,2600,2500,3100,2534,1900,2700,ok,ok,3.7469,True,15
archive,archive/2026-05-05_smoke20_before_budget_narrative_validator,training/data/v3/sft/archive/2026-05-05_smoke20_before_budget_narrative_validator/records.jsonl,4,v3_request_000106,repair_request_rebudget,需重标请求预算,repair,teacher 预算能贴合原请求目标，但请求金额不符合新版分档，需要重标请求预算/自由文本。,controlled,2026-05-05T20:27:44+08:00,杭州,limited,hard,2000,3100,3500,1552,1400,2000,below,ok,1.562,True,15
archive,archive/2026-05-05_smoke20_before_budget_narrative_validator,training/data/v3/sft/archive/2026-05-05_smoke20_before_budget_narrative_validator/records.jsonl,5,v3_request_000114,usable_budget_clean,预算主集可用,use,请求预算符合新分档，teacher 预算在目标区间，候选池可支撑预算。,controlled,2026-05-05T20:28:16+08:00,丽江,standard,soft,5100,4200,5300,4424,3100,5400,ok,ok,1.0267,True,17
archive,archive/2026-05-05_smoke20_before_budget_narrative_validator,training/data/v3/sft/archive/2026-05-05_smoke20_before_budget_narrative_validator/records.jsonl,6,v3_request_000103,repair_teacher_regen,需重生成 teacher,repair,请求预算符合新分档，但 teacher 预算低于目标区间，需要重生成 teacher。,controlled,2026-05-05T20:28:22+08:00,扬州,comfortable,hard,7900,7700,9100,5198,5500,7900,ok,below,0.9956,False,16
archive,archive/2026-05-05_smoke20_before_budget_narrative_validator,training/data/v3/sft/archive/2026-05-05_smoke20_before_budget_narrative_validator/records.jsonl,7,v3_request_000101,repair_request_rebudget,需重标请求预算,repair,teacher 预算能贴合原请求目标，但请求金额不符合新版分档，需要重标请求预算/自由文本。,controlled,2026-05-05T20:28:59+08:00,长沙,standard,soft,3000,3700,4800,2222,1800,3200,below,ok,2.0567,True,16
archive,archive/2026-05-05_smoke20_before_budget_narrative_validator,training/data/v3/sft/archive/2026-05-05_smoke20_before_budget_narrative_validator/records.jsonl,8,v3_request_000107,repair_request_rebudget,需重标请求预算,repair,teacher 预算能贴合原请求目标，但请求金额不符合新版分档，需要重标请求预算/自由文本。,controlled,2026-05-05T20:29:05+08:00,武汉,comfortable,soft,8200,9300,11800,6026,5700,9000,below,ok,0.8171,False,8
archive,archive/2026-05-05_smoke20_before_budget_narrative_validator,training/data/v3/sft/archive/2026-05-05_smoke20_before_budget_narrative_validator/records.jsonl,9,v3_request_000105,nonbudget_only,仅适合非预算 SFT,nonbudget_only,strictness=none，无预算目标区间；可保留作 schema/grounding，预算训练不使用。,controlled,2026-05-05T20:29:06+08:00,南京,standard,none,2800,3200,4300,2688,0,0,below,no_budget_policy,1.2757,True,9
archive,archive/2026-05-05_smoke20_before_budget_narrative_validator,training/data/v3/sft/archive/2026-05-05_smoke20_before_budget_narrative_validator/records.jsonl,10,v3_request_000119,usable_budget_candidate_tight,预算可用但候选偏紧,use_with_caution,请求和 teacher 预算都合格，但候选池高配估算低于用户预算，不适合训练用满预算。,controlled,2026-05-05T20:30:01+08:00,哈尔滨,comfortable,soft,5200,4700,6600,4950,3600,5700,ok,ok,0.9288,False,8
archive,archive/2026-05-05_smoke20_before_budget_narrative_validator,training/data/v3/sft/archive/2026-05-05_smoke20_before_budget_narrative_validator/records.jsonl,11,v3_request_000110,repair_teacher_regen,需重生成 teacher,repair,请求预算符合新分档，但 teacher 预算低于目标区间，需要重生成 teacher。,controlled,2026-05-05T20:30:11+08:00,沈阳,comfortable,soft,6300,6300,8600,3600,4400,6900,ok,below,0.5606,False,8
archive,archive/2026-05-05_smoke20_before_budget_narrative_validator,training/data/v3/sft/archive/2026-05-05_smoke20_before_budget_narrative_validator/records.jsonl,12,v3_request_000115,repair_request_rebudget,需重标请求预算,repair,teacher 预算能贴合原请求目标，但请求金额不符合新版分档，需要重标请求预算/自由文本。,controlled,2026-05-05T20:31:05+08:00,呼和浩特,standard,soft,18600,12500,15900,11705,11200,19500,above,ok,1.3419,True,16
archive,archive/2026-05-05_smoke20_before_budget_narrative_validator,training/data/v3/sft/archive/2026-05-05_smoke20_before_budget_narrative_validator/records.jsonl,13,v3_request_000111,usable_budget_clean,预算主集可用,use,请求预算符合新分档，teacher 预算在目标区间，候选池可支撑预算。,controlled,2026-05-05T20:33:26+08:00,珠海,comfortable,soft,9400,8200,10800,8806,6600,10300,ok,ok,1.4311,True,15
archive,archive/2026-05-05_smoke20_before_budget_narrative_validator,training/data/v3/sft/archive/2026-05-05_smoke20_before_budget_narrative_validator/records.jsonl,14,v3_request_000112,usable_budget_clean,预算主集可用,use,请求预算符合新分档，teacher 预算在目标区间，候选池可支撑预算。,controlled,2026-05-05T20:35:23+08:00,大连,limited,hard,1500,1500,1900,1380,1100,1500,ok,ok,3.5213,True,15
archive,archive/2026-05-05_smoke20_before_budget_narrative_validator,training/data/v3/sft/archive/2026-05-05_smoke20_before_budget_narrative_validator/records.jsonl,15,v3_request_000108,drop_or_full_regen,预算训练淘汰或整条重做,drop_or_regenerate,请求预算和 teacher 预算至少两侧不匹配，预算训练建议淘汰或整条重做。,controlled,2026-05-05T20:35:48+08:00,青岛,standard,soft,19200,13800,17600,22910,11500,20200,above,above,1.4698,True,15
archive,archive/2026-05-05_smoke20_before_budget_narrative_validator,training/data/v3/sft/archive/2026-05-05_smoke20_before_budget_narrative_validator/records.jsonl,16,v3_request_000100,repair_teacher_regen,需重生成 teacher,repair,请求预算符合新分档，但 teacher 预算低于目标区间，需要重生成 teacher。,controlled,2026-05-05T20:40:22+08:00,西安,standard,soft,14000,11800,14900,15145,8400,14700,ok,above,1.9964,True,18
archive,archive/2026-05-05_smoke20_before_budget_narrative_validator,training/data/v3/sft/archive/2026-05-05_smoke20_before_budget_narrative_validator/records.jsonl,17,v3_request_000118,repair_request_rebudget,需重标请求预算,repair,teacher 预算能贴合原请求目标，但请求金额不符合新版分档，需要重标请求预算/自由文本。,controlled,2026-05-05T20:40:31+08:00,哈尔滨,luxury,soft,19500,13300,18600,15856,14600,23000,above,ok,0.4264,False,12
archive,archive/2026-05-05_smoke20_before_budget_narrative_validator,training/data/v3/sft/archive/2026-05-05_smoke20_before_budget_narrative_validator/records.jsonl,18,v3_request_000104,repair_request_rebudget,需重标请求预算,repair,teacher 预算能贴合原请求目标，但请求金额不符合新版分档，需要重标请求预算/自由文本。,controlled,2026-05-05T20:41:12+08:00,杭州,standard,hard,3400,4600,5800,3288,2000,3400,below,ok,1.5224,True,9
archive,archive/2026-05-05_smoke20_before_foodbase20_pricingfix,training/data/v3/sft/archive/2026-05-05_smoke20_before_foodbase20_pricingfix/records.jsonl,1,v3_request_000117,repair_request_rebudget,需重标请求预算,repair,teacher 预算能贴合原请求目标，但请求金额不符合新版分档，需要重标请求预算/自由文本。,controlled,2026-05-05T22:38:06+08:00,大理,comfortable,soft,5800,6100,8000,4954,4100,6400,below,ok,0.9524,False,8
archive,archive/2026-05-05_smoke20_before_foodbase20_pricingfix,training/data/v3/sft/archive/2026-05-05_smoke20_before_foodbase20_pricingfix/records.jsonl,2,v3_request_000113,repair_request_rebudget,需重标请求预算,repair,teacher 预算能贴合原请求目标，但请求金额不符合新版分档，需要重标请求预算/自由文本。,controlled,2026-05-05T22:38:23+08:00,重庆,limited,soft,1200,1700,2000,1196,900,1300,below,ok,1.5125,True,23
archive,archive/2026-05-05_smoke20_before_foodbase20_pricingfix,training/data/v3/sft/archive/2026-05-05_smoke20_before_foodbase20_pricingfix/records.jsonl,3,v3_request_000111,usable_budget_clean,预算主集可用,use,请求预算符合新分档，teacher 预算在目标区间，候选池可支撑预算。,controlled,2026-05-05T22:40:14+08:00,珠海,comfortable,soft,9400,8200,10800,9535,6600,10300,ok,ok,1.4311,True,15
archive,archive/2026-05-05_smoke20_before_foodbase20_pricingfix,training/data/v3/sft/archive/2026-05-05_smoke20_before_foodbase20_pricingfix/records.jsonl,4,v3_request_000103,usable_budget_candidate_tight,预算可用但候选偏紧,use_with_caution,请求和 teacher 预算都合格，但候选池高配估算低于用户预算，不适合训练用满预算。,controlled,2026-05-05T22:40:15+08:00,扬州,comfortable,hard,7900,7700,9100,7428,5500,7900,ok,ok,0.9956,False,16
archive,archive/2026-05-05_smoke20_before_foodbase20_pricingfix,training/data/v3/sft/archive/2026-05-05_smoke20_before_foodbase20_pricingfix/records.jsonl,5,v3_request_000106,repair_request_rebudget,需重标请求预算,repair,teacher 预算能贴合原请求目标，但请求金额不符合新版分档，需要重标请求预算/自由文本。,controlled,2026-05-05T22:40:21+08:00,杭州,limited,hard,2000,3100,3500,1842,1400,2000,below,ok,1.562,True,15
archive,archive/2026-05-05_smoke20_before_foodbase20_pricingfix,training/data/v3/sft/archive/2026-05-05_smoke20_before_foodbase20_pricingfix/records.jsonl,6,v3_request_000110,repair_teacher_regen,需重生成 teacher,repair,请求预算符合新分档，但 teacher 预算低于目标区间，需要重生成 teacher。,controlled,2026-05-05T22:41:02+08:00,沈阳,comfortable,soft,6300,6300,8600,4152,4400,6900,ok,below,0.5606,False,8
archive,archive/2026-05-05_smoke20_before_foodbase20_pricingfix,training/data/v3/sft/archive/2026-05-05_smoke20_before_foodbase20_pricingfix/records.jsonl,7,v3_request_000107,repair_request_rebudget,需重标请求预算,repair,teacher 预算能贴合原请求目标，但请求金额不符合新版分档，需要重标请求预算/自由文本。,controlled,2026-05-05T22:41:22+08:00,武汉,comfortable,soft,8200,9300,11800,6168,5700,9000,below,ok,0.8171,False,8
archive,archive/2026-05-05_smoke20_before_foodbase20_pricingfix,training/data/v3/sft/archive/2026-05-05_smoke20_before_foodbase20_pricingfix/records.jsonl,8,v3_request_000118,repair_request_rebudget,需重标请求预算,repair,teacher 预算能贴合原请求目标，但请求金额不符合新版分档，需要重标请求预算/自由文本。,controlled,2026-05-05T22:43:42+08:00,哈尔滨,luxury,soft,19500,13300,18600,19820,14600,23000,above,ok,0.4264,False,12
archive,archive/2026-05-05_smoke20_before_no_budget_numbers_in_suggestions,training/data/v3/sft/archive/2026-05-05_smoke20_before_no_budget_numbers_in_suggestions/records.jsonl,1,v3_request_000113,repair_request_rebudget,需重标请求预算,repair,teacher 预算能贴合原请求目标，但请求金额不符合新版分档，需要重标请求预算/自由文本。,controlled,2026-05-05T20:53:05+08:00,重庆,limited,soft,1200,1700,2000,1163,900,1300,below,ok,1.5125,True,23
archive,archive/2026-05-05_smoke20_before_no_budget_numbers_in_suggestions,training/data/v3/sft/archive/2026-05-05_smoke20_before_no_budget_numbers_in_suggestions/records.jsonl,2,v3_request_000106,repair_request_rebudget,需重标请求预算,repair,teacher 预算能贴合原请求目标，但请求金额不符合新版分档，需要重标请求预算/自由文本。,controlled,2026-05-05T20:54:20+08:00,杭州,limited,hard,2000,3100,3500,1468,1400,2000,below,ok,1.562,True,15
archive,archive/2026-05-05_smoke20_before_no_budget_numbers_in_suggestions,training/data/v3/sft/archive/2026-05-05_smoke20_before_no_budget_numbers_in_suggestions/records.jsonl,3,v3_request_000103,usable_budget_candidate_tight,预算可用但候选偏紧,use_with_caution,请求和 teacher 预算都合格，但候选池高配估算低于用户预算，不适合训练用满预算。,controlled,2026-05-05T20:54:36+08:00,扬州,comfortable,hard,7900,7700,9100,6768,5500,7900,ok,ok,0.9956,False,16
archive,archive/2026-05-05_smoke20_before_no_budget_numbers_in_suggestions,training/data/v3/sft/archive/2026-05-05_smoke20_before_no_budget_numbers_in_suggestions/records.jsonl,4,v3_request_000105,nonbudget_only,仅适合非预算 SFT,nonbudget_only,strictness=none，无预算目标区间；可保留作 schema/grounding，预算训练不使用。,controlled,2026-05-05T20:55:51+08:00,南京,standard,none,2800,3200,4300,2372,0,0,below,no_budget_policy,1.2757,True,9
archive,archive/2026-05-05_smoke20_before_no_budget_numbers_in_suggestions,training/data/v3/sft/archive/2026-05-05_smoke20_before_no_budget_numbers_in_suggestions/records.jsonl,5,v3_request_000110,repair_teacher_regen,需重生成 teacher,repair,请求预算符合新分档，但 teacher 预算低于目标区间，需要重生成 teacher。,controlled,2026-05-05T21:01:04+08:00,沈阳,comfortable,soft,6300,6300,8600,4012,4400,6900,ok,below,0.5606,False,8
archive,archive/2026-05-05_smoke20_before_no_budget_numbers_in_suggestions,training/data/v3/sft/archive/2026-05-05_smoke20_before_no_budget_numbers_in_suggestions/records.jsonl,6,v3_request_000107,repair_request_rebudget,需重标请求预算,repair,teacher 预算能贴合原请求目标，但请求金额不符合新版分档，需要重标请求预算/自由文本。,controlled,2026-05-05T21:02:23+08:00,武汉,comfortable,soft,8200,9300,11800,7580,5700,9000,below,ok,0.8171,False,8
archive,archive/2026-05-05_smoke20_before_same_hotel_rule,training/data/v3/sft/archive/2026-05-05_smoke20_before_same_hotel_rule/records.jsonl,1,v3_request_000114,usable_budget_clean,预算主集可用,use,请求预算符合新分档，teacher 预算在目标区间，候选池可支撑预算。,controlled,2026-05-05T21:41:47+08:00,丽江,standard,soft,5100,4200,5300,5024,3100,5400,ok,ok,1.0267,True,17
archive,archive/2026-05-05_smoke20_before_same_hotel_rule,training/data/v3/sft/archive/2026-05-05_smoke20_before_same_hotel_rule/records.jsonl,2,v3_request_000103,usable_budget_candidate_tight,预算可用但候选偏紧,use_with_caution,请求和 teacher 预算都合格，但候选池高配估算低于用户预算，不适合训练用满预算。,controlled,2026-05-05T21:42:19+08:00,扬州,comfortable,hard,7900,7700,9100,6842,5500,7900,ok,ok,0.9956,False,16
archive,archive/2026-05-05_smoke20_before_same_hotel_rule,training/data/v3/sft/archive/2026-05-05_smoke20_before_same_hotel_rule/records.jsonl,3,v3_request_000113,repair_request_rebudget,需重标请求预算,repair,teacher 预算能贴合原请求目标，但请求金额不符合新版分档，需要重标请求预算/自由文本。,controlled,2026-05-05T21:42:46+08:00,重庆,limited,soft,1200,1700,2000,1271,900,1300,below,ok,1.5125,True,23
archive,archive/2026-05-05_smoke20_before_same_hotel_rule,training/data/v3/sft/archive/2026-05-05_smoke20_before_same_hotel_rule/records.jsonl,4,v3_request_000117,repair_request_rebudget,需重标请求预算,repair,teacher 预算能贴合原请求目标，但请求金额不符合新版分档，需要重标请求预算/自由文本。,controlled,2026-05-05T21:43:18+08:00,大理,comfortable,soft,5800,6100,8000,5290,4100,6400,below,ok,0.9524,False,8
archive,archive/2026-05-05_smoke20_before_same_hotel_rule,training/data/v3/sft/archive/2026-05-05_smoke20_before_same_hotel_rule/records.jsonl,5,v3_request_000106,repair_request_rebudget,需重标请求预算,repair,teacher 预算能贴合原请求目标，但请求金额不符合新版分档，需要重标请求预算/自由文本。,controlled,2026-05-05T21:43:24+08:00,杭州,limited,hard,2000,3100,3500,1964,1400,2000,below,ok,1.562,True,15
archive,archive/2026-05-05_smoke20_before_same_hotel_rule,training/data/v3/sft/archive/2026-05-05_smoke20_before_same_hotel_rule/records.jsonl,6,v3_request_000110,usable_budget_candidate_tight,预算可用但候选偏紧,use_with_caution,请求和 teacher 预算都合格，但候选池高配估算低于用户预算，不适合训练用满预算。,controlled,2026-05-05T21:44:13+08:00,沈阳,comfortable,soft,6300,6300,8600,6208,4400,6900,ok,ok,0.5606,False,8
archive,archive/2026-05-05_smoke20_before_same_hotel_rule,training/data/v3/sft/archive/2026-05-05_smoke20_before_same_hotel_rule/records.jsonl,7,v3_request_000111,repair_teacher_regen,需重生成 teacher,repair,请求预算符合新分档，但 teacher 预算低于目标区间，需要重生成 teacher。,controlled,2026-05-05T21:48:14+08:00,珠海,comfortable,soft,9400,8200,10800,6575,6600,10300,ok,below,1.4311,True,15
archive,archive/2026-05-05_smoke20_before_same_hotel_rule,training/data/v3/sft/archive/2026-05-05_smoke20_before_same_hotel_rule/records.jsonl,8,v3_request_000101,repair_request_rebudget,需重标请求预算,repair,teacher 预算能贴合原请求目标，但请求金额不符合新版分档，需要重标请求预算/自由文本。,controlled,2026-05-05T21:48:31+08:00,长沙,standard,soft,3000,3700,4800,2552,1800,3200,below,ok,2.0567,True,16
archive,archive/2026-05-05_smoke20_before_same_hotel_rule,training/data/v3/sft/archive/2026-05-05_smoke20_before_same_hotel_rule/records.jsonl,9,v3_request_000105,nonbudget_only,仅适合非预算 SFT,nonbudget_only,strictness=none，无预算目标区间；可保留作 schema/grounding，预算训练不使用。,controlled,2026-05-05T21:49:55+08:00,南京,standard,none,2800,3200,4300,2682,0,0,below,no_budget_policy,1.2757,True,9
archive,archive/2026-05-05_smoke20_before_same_hotel_rule,training/data/v3/sft/archive/2026-05-05_smoke20_before_same_hotel_rule/records.jsonl,10,v3_request_000107,repair_request_rebudget,需重标请求预算,repair,teacher 预算能贴合原请求目标，但请求金额不符合新版分档，需要重标请求预算/自由文本。,controlled,2026-05-05T21:49:57+08:00,武汉,comfortable,soft,8200,9300,11800,6120,5700,9000,below,ok,0.8171,False,8
archive,archive/2026-05-05_smoke20_before_same_hotel_rule,training/data/v3/sft/archive/2026-05-05_smoke20_before_same_hotel_rule/records.jsonl,11,v3_request_000119,usable_budget_candidate_tight,预算可用但候选偏紧,use_with_caution,请求和 teacher 预算都合格，但候选池高配估算低于用户预算，不适合训练用满预算。,controlled,2026-05-05T21:51:31+08:00,哈尔滨,comfortable,soft,5200,4700,6600,4678,3600,5700,ok,ok,0.9288,False,8
archive,archive/2026-05-05_smoke20_before_same_hotel_rule,training/data/v3/sft/archive/2026-05-05_smoke20_before_same_hotel_rule/records.jsonl,12,v3_request_000118,repair_request_rebudget,需重标请求预算,repair,teacher 预算能贴合原请求目标，但请求金额不符合新版分档，需要重标请求预算/自由文本。,controlled,2026-05-05T22:03:16+08:00,哈尔滨,luxury,soft,19500,13300,18600,14644,14600,23000,above,ok,0.4264,False,12
archive,archive/2026-05-05_smoke20_before_thinking_off_tokens,training/data/v3/sft/archive/2026-05-05_smoke20_before_thinking_off_tokens/records.jsonl,1,v3_request_000001,repair_request_rebudget,需重标请求预算,repair,teacher 预算能贴合原请求目标，但请求金额不符合新版分档，需要重标请求预算/自由文本。,controlled,2026-05-05T18:01:55+08:00,桂林,comfortable,soft,5600,6100,8000,4728,3900,6200,below,ok,0.8875,False,12
archive,archive/2026-05-05_smoke20_before_thinking_off_tokens,training/data/v3/sft/archive/2026-05-05_smoke20_before_thinking_off_tokens/records.jsonl,2,v3_request_000003,usable_budget_clean,预算主集可用,use,请求预算符合新分档，teacher 预算在目标区间，候选池可支撑预算。,controlled,2026-05-05T18:04:00+08:00,西安,standard,soft,15000,12600,15700,13485,9000,15800,ok,ok,1.0606,True,18
archive,archive/2026-05-05_smoke20_before_thinking_off_tokens,training/data/v3/sft/archive/2026-05-05_smoke20_before_thinking_off_tokens/records.jsonl,3,v3_request_000002,repair_request_rebudget,需重标请求预算,repair,teacher 预算能贴合原请求目标，但请求金额不符合新版分档，需要重标请求预算/自由文本。,controlled,2026-05-05T18:07:48+08:00,杭州,limited,soft,2000,3100,3700,1869,1400,2100,below,ok,1.657,True,15
archive,archive/2026-05-05_smoke20_before_thinking_off_tokens,training/data/v3/sft/archive/2026-05-05_smoke20_before_thinking_off_tokens/records.jsonl,4,v3_request_000006,usable_budget_clean,预算主集可用,use,请求预算符合新分档，teacher 预算在目标区间，候选池可支撑预算。,controlled,2026-05-05T18:07:57+08:00,南京,limited,soft,6700,5600,6800,6832,4800,7000,ok,ok,1.7655,True,19
archive,archive/2026-05-05_smoke20_before_thinking_off_tokens,training/data/v3/sft/archive/2026-05-05_smoke20_before_thinking_off_tokens/records.jsonl,5,v3_request_000008,drop_or_full_regen,预算训练淘汰或整条重做,drop_or_regenerate,请求预算和 teacher 预算至少两侧不匹配，预算训练建议淘汰或整条重做。,controlled,2026-05-05T18:09:51+08:00,大理,standard,soft,2900,3700,4800,3206,1700,3000,below,above,1.8497,True,9
archive,archive/2026-05-05_smoke20_before_thinking_off_tokens,training/data/v3/sft/archive/2026-05-05_smoke20_before_thinking_off_tokens/records.jsonl,6,v3_request_000007,drop_or_full_regen,预算训练淘汰或整条重做,drop_or_regenerate,请求预算和 teacher 预算至少两侧不匹配，预算训练建议淘汰或整条重做。,controlled,2026-05-05T18:12:19+08:00,成都,standard,hard,3100,4000,5300,3184,1900,3100,below,above,1.8548,True,13
archive,archive/2026-05-05_smoke20_before_thinking_off_tokens,training/data/v3/sft/archive/2026-05-05_smoke20_before_thinking_off_tokens/records.jsonl,7,v3_request_000011,drop_or_full_regen,预算训练淘汰或整条重做,drop_or_regenerate,请求预算和 teacher 预算至少两侧不匹配，预算训练建议淘汰或整条重做。,controlled,2026-05-05T18:12:34+08:00,福州,standard,soft,3800,4600,5900,4394,2300,4000,below,above,1.6826,True,9
archive,archive/2026-05-05_smoke20_before_thinking_off_tokens,training/data/v3/sft/archive/2026-05-05_smoke20_before_thinking_off_tokens/records.jsonl,8,v3_request_000009,usable_budget_clean,预算主集可用,use,请求预算符合新分档，teacher 预算在目标区间，候选池可支撑预算。,controlled,2026-05-05T18:15:15+08:00,苏州,comfortable,soft,21100,17400,23700,16764,14800,23200,ok,ok,1.4293,True,15
archive,archive/2026-05-05_smoke20_before_thinking_off_tokens,training/data/v3/sft/archive/2026-05-05_smoke20_before_thinking_off_tokens/records.jsonl,9,v3_request_000015,repair_teacher_regen,需重生成 teacher,repair,请求预算符合新分档，但 teacher 预算低于目标区间，需要重生成 teacher。,controlled,2026-05-05T18:18:05+08:00,南京,standard,soft,3600,3200,4300,4000,2200,3800,ok,above,1.9,True,20
archive,archive/2026-05-05_smoke20_before_thinking_off_tokens,training/data/v3/sft/archive/2026-05-05_smoke20_before_thinking_off_tokens/records.jsonl,10,v3_request_000017,usable_budget_clean,预算主集可用,use,请求预算符合新分档，teacher 预算在目标区间，候选池可支撑预算。,controlled,2026-05-05T18:18:28+08:00,苏州,comfortable,soft,9900,8600,11400,10061,6900,10900,ok,ok,1.5899,True,15
archive,archive/2026-05-05_smoke20_before_thinking_off_tokens,training/data/v3/sft/archive/2026-05-05_smoke20_before_thinking_off_tokens/records.jsonl,11,v3_request_000016,repair_request_rebudget,需重标请求预算,repair,teacher 预算能贴合原请求目标，但请求金额不符合新版分档，需要重标请求预算/自由文本。,controlled,2026-05-05T18:18:51+08:00,苏州,limited,soft,2400,2500,3200,2254,1700,2500,below,ok,2.1092,True,18
archive,archive/2026-05-05_smoke20_before_thinking_off_tokens,training/data/v3/sft/archive/2026-05-05_smoke20_before_thinking_off_tokens/records.jsonl,12,v3_request_000010,repair_request_rebudget,需重标请求预算,repair,teacher 预算能贴合原请求目标，但请求金额不符合新版分档，需要重标请求预算/自由文本。,controlled,2026-05-05T18:20:23+08:00,西安,standard,soft,4700,4900,6600,4112,2800,4900,below,ok,0.954,False,11
archive,archive/2026-05-05_smoke20_before_thinking_off_tokens,training/data/v3/sft/archive/2026-05-05_smoke20_before_thinking_off_tokens/records.jsonl,13,v3_request_000026,drop_or_full_regen,预算训练淘汰或整条重做,drop_or_regenerate,请求预算和 teacher 预算至少两侧不匹配，预算训练建议淘汰或整条重做。,controlled,2026-05-05T18:43:29+08:00,扬州,standard,soft,3000,3400,4400,3500,1800,3200,below,above,1.666,True,16
archive,archive/2026-05-05_smoke20_before_thinking_off_tokens,training/data/v3/sft/archive/2026-05-05_smoke20_before_thinking_off_tokens/records.jsonl,14,v3_request_000020,repair_request_rebudget,需重标请求预算,repair,teacher 预算能贴合原请求目标，但请求金额不符合新版分档，需要重标请求预算/自由文本。,controlled,2026-05-05T18:47:49+08:00,杭州,comfortable,soft,6900,9200,12000,6820,4800,7600,below,ok,1.2812,True,8
archive,archive/2026-05-05_smoke20_before_thinking_off_tokens,training/data/v3/sft/archive/2026-05-05_smoke20_before_thinking_off_tokens/records.jsonl,15,v3_request_000024,repair_request_rebudget,需重标请求预算,repair,teacher 预算能贴合原请求目标，但请求金额不符合新版分档，需要重标请求预算/自由文本。,controlled,2026-05-05T18:48:40+08:00,济南,limited,soft,1400,2000,2400,1434,1000,1500,below,ok,1.8357,True,14
archive,archive/2026-05-05_smoke20_before_thinking_off_tokens,training/data/v3/sft/archive/2026-05-05_smoke20_before_thinking_off_tokens/records.jsonl,16,v3_request_000030,usable_budget_clean,预算主集可用,use,请求预算符合新分档，teacher 预算在目标区间，候选池可支撑预算。,controlled,2026-05-05T19:03:26+08:00,三亚,comfortable,soft,15000,12700,16500,14678,10500,16500,ok,ok,1.4615,True,16
archive,archive/2026-05-05_smoke20_before_thinking_off_tokens,training/data/v3/sft/archive/2026-05-05_smoke20_before_thinking_off_tokens/records.jsonl,17,v3_request_000033,repair_request_rebudget,需重标请求预算,repair,teacher 预算能贴合原请求目标，但请求金额不符合新版分档，需要重标请求预算/自由文本。,controlled,2026-05-05T19:12:48+08:00,苏州,comfortable,soft,4000,5100,7000,4002,2800,4400,below,ok,1.3975,True,8
archive,archive/2026-05-05_smoke20_before_thinking_off_tokens,training/data/v3/sft/archive/2026-05-05_smoke20_before_thinking_off_tokens/records.jsonl,18,v3_request_000038,usable_budget_candidate_tight,预算可用但候选偏紧,use_with_caution,请求和 teacher 预算都合格，但候选池高配估算低于用户预算，不适合训练用满预算。,controlled,2026-05-05T19:18:50+08:00,厦门,standard,hard,6200,6200,8100,5792,3700,6200,ok,ok,0.7513,False,5
archive,archive/2026-05-05_smoke20_before_thinking_off_tokens,training/data/v3/sft/archive/2026-05-05_smoke20_before_thinking_off_tokens/records.jsonl,19,v3_request_000032,drop_or_full_regen,预算训练淘汰或整条重做,drop_or_regenerate,请求预算和 teacher 预算至少两侧不匹配，预算训练建议淘汰或整条重做。,controlled,2026-05-05T19:23:09+08:00,丽江,standard,soft,8000,8300,10600,9541,4800,8400,below,above,1.6562,True,14
archive,archive/2026-05-05_smoke20_before_thinking_off_tokens,training/data/v3/sft/archive/2026-05-05_smoke20_before_thinking_off_tokens/records.jsonl,20,v3_request_000042,repair_request_rebudget,需重标请求预算,repair,teacher 预算能贴合原请求目标，但请求金额不符合新版分档，需要重标请求预算/自由文本。,controlled,2026-05-05T19:31:12+08:00,哈尔滨,comfortable,soft,5100,6100,8000,5330,3600,5600,below,ok,1.1231,True,11
archive,archive/2026-05-05_smoke20_before_thinking_off_tokens,training/data/v3/sft/archive/2026-05-05_smoke20_before_thinking_off_tokens/records.jsonl,21,v3_request_000040,repair_request_rebudget,需重标请求预算,repair,teacher 预算能贴合原请求目标，但请求金额不符合新版分档，需要重标请求预算/自由文本。,controlled,2026-05-05T19:31:33+08:00,南京,comfortable,soft,8200,10100,12900,7908,5700,9000,below,ok,1.2226,True,16
archive,archive/2026-05-06_smoke20_before_exact_meal_name_only,training/data/v3/sft/archive/2026-05-06_smoke20_before_exact_meal_name_only/records.jsonl,1,v3_request_000109,usable_budget_clean,预算主集可用,use,请求预算符合新分档，teacher 预算在目标区间，候选池可支撑预算。,controlled,2026-05-05T23:58:22+08:00,昆明,limited,soft,2600,2500,3100,1937,1900,2700,ok,ok,2.8562,True,27
archive,archive/2026-05-06_smoke20_before_exact_meal_name_only,training/data/v3/sft/archive/2026-05-06_smoke20_before_exact_meal_name_only/records.jsonl,2,v3_request_000102,repair_request_rebudget,需重标请求预算,repair,teacher 预算能贴合原请求目标，但请求金额不符合新版分档，需要重标请求预算/自由文本。,controlled,2026-05-05T23:59:04+08:00,上海,limited,soft,3500,3900,5000,2787,2500,3700,below,ok,3.9134,True,29
archive,archive/2026-05-06_smoke20_before_exact_meal_name_only,training/data/v3/sft/archive/2026-05-06_smoke20_before_exact_meal_name_only/records.jsonl,3,v3_request_000101,drop_or_full_regen,预算训练淘汰或整条重做,drop_or_regenerate,请求预算和 teacher 预算至少两侧不匹配，预算训练建议淘汰或整条重做。,controlled,2026-05-05T23:59:09+08:00,长沙,standard,soft,3000,3700,4800,1774,1800,3200,below,below,1.2687,True,30
archive,archive/2026-05-06_smoke20_before_exact_meal_name_only,training/data/v3/sft/archive/2026-05-06_smoke20_before_exact_meal_name_only/records.jsonl,4,v3_request_000113,repair_request_rebudget,需重标请求预算,repair,teacher 预算能贴合原请求目标，但请求金额不符合新版分档，需要重标请求预算/自由文本。,controlled,2026-05-05T23:59:12+08:00,重庆,limited,soft,1200,1700,2000,954,900,1300,below,ok,1.5667,True,33
archive,archive/2026-05-06_smoke20_before_exact_meal_name_only,training/data/v3/sft/archive/2026-05-06_smoke20_before_exact_meal_name_only/records.jsonl,5,v3_request_000111,usable_budget_clean,预算主集可用,use,请求预算符合新分档，teacher 预算在目标区间，候选池可支撑预算。,controlled,2026-05-06T00:00:29+08:00,珠海,comfortable,soft,9400,8200,10800,9413,6600,10300,ok,ok,1.0599,True,28
archive,archive/2026-05-06_smoke20_before_exact_meal_name_only,training/data/v3/sft/archive/2026-05-06_smoke20_before_exact_meal_name_only/records.jsonl,6,v3_request_000117,repair_request_rebudget,需重标请求预算,repair,teacher 预算能贴合原请求目标，但请求金额不符合新版分档，需要重标请求预算/自由文本。,controlled,2026-05-06T00:00:34+08:00,大理,comfortable,soft,5800,6100,8000,5528,4100,6400,below,ok,0.8338,False,24
archive,archive/2026-05-06_smoke20_before_exact_meal_name_only,training/data/v3/sft/archive/2026-05-06_smoke20_before_exact_meal_name_only/records.jsonl,7,v3_request_000114,usable_budget_candidate_tight,预算可用但候选偏紧,use_with_caution,请求和 teacher 预算都合格，但候选池高配估算低于用户预算，不适合训练用满预算。,controlled,2026-05-06T00:00:52+08:00,丽江,standard,soft,5100,4200,5300,5042,3100,5400,ok,ok,0.7388,False,31
archive,archive/2026-05-06_smoke20_before_exact_meal_name_only,training/data/v3/sft/archive/2026-05-06_smoke20_before_exact_meal_name_only/records.jsonl,8,v3_request_000118,drop_or_full_regen,预算训练淘汰或整条重做,drop_or_regenerate,请求预算和 teacher 预算至少两侧不匹配，预算训练建议淘汰或整条重做。,controlled,2026-05-06T00:01:16+08:00,哈尔滨,luxury,soft,19500,13300,18600,13924,14600,23000,above,below,0.3756,False,24
archive,archive/2026-05-06_smoke20_before_exact_meal_name_only,training/data/v3/sft/archive/2026-05-06_smoke20_before_exact_meal_name_only/records.jsonl,9,v3_request_000119,repair_teacher_regen,需重生成 teacher,repair,请求预算符合新分档，但 teacher 预算低于目标区间，需要重生成 teacher。,controlled,2026-05-06T00:01:31+08:00,哈尔滨,comfortable,soft,5200,4700,6600,3408,3600,5700,ok,below,0.8292,False,24
archive,archive/2026-05-06_smoke20_before_sft1000,training/data/v3/sft/archive/2026-05-06_smoke20_before_sft1000/records.jsonl,1,v3_request_000112,usable_budget_clean,预算主集可用,use,请求预算符合新分档，teacher 预算在目标区间，候选池可支撑预算。,controlled,2026-05-06T00:16:51+08:00,大连,limited,hard,1500,1500,1900,1162,1100,1500,ok,ok,2.3613,True,27
archive,archive/2026-05-06_smoke20_before_sft1000,training/data/v3/sft/archive/2026-05-06_smoke20_before_sft1000/records.jsonl,2,v3_request_000109,usable_budget_clean,预算主集可用,use,请求预算符合新分档，teacher 预算在目标区间，候选池可支撑预算。,controlled,2026-05-06T00:18:14+08:00,昆明,limited,soft,2600,2500,3100,2062,1900,2700,ok,ok,2.8562,True,27
archive,archive/2026-05-06_smoke20_before_sft1000,training/data/v3/sft/archive/2026-05-06_smoke20_before_sft1000/records.jsonl,3,v3_request_000116,repair_request_rebudget,需重标请求预算,repair,teacher 预算能贴合原请求目标，但请求金额不符合新版分档，需要重标请求预算/自由文本。,controlled,2026-05-06T00:18:16+08:00,大理,standard,hard,6800,8500,10800,4621,4100,6800,below,ok,1.7878,True,24
archive,archive/2026-05-06_smoke20_before_sft1000,training/data/v3/sft/archive/2026-05-06_smoke20_before_sft1000/records.jsonl,4,v3_request_000106,repair_request_rebudget,需重标请求预算,repair,teacher 预算能贴合原请求目标，但请求金额不符合新版分档，需要重标请求预算/自由文本。,controlled,2026-05-06T00:18:26+08:00,杭州,limited,hard,2000,3100,3500,1601,1400,2000,below,ok,1.6725,True,28
archive,archive/2026-05-06_smoke20_before_sft1000,training/data/v3/sft/archive/2026-05-06_smoke20_before_sft1000/records.jsonl,5,v3_request_000117,drop_or_full_regen,预算训练淘汰或整条重做,drop_or_regenerate,请求预算和 teacher 预算至少两侧不匹配，预算训练建议淘汰或整条重做。,controlled,2026-05-06T00:18:31+08:00,大理,comfortable,soft,5800,6100,8000,4008,4100,6400,below,below,0.8338,False,24
archive,archive/2026-05-06_smoke20_before_sft1000,training/data/v3/sft/archive/2026-05-06_smoke20_before_sft1000/records.jsonl,6,v3_request_000102,repair_request_rebudget,需重标请求预算,repair,teacher 预算能贴合原请求目标，但请求金额不符合新版分档，需要重标请求预算/自由文本。,controlled,2026-05-06T00:18:43+08:00,上海,limited,soft,3500,3900,5000,3402,2500,3700,below,ok,3.9134,True,29
archive,archive/2026-05-06_smoke20_before_sft1000,training/data/v3/sft/archive/2026-05-06_smoke20_before_sft1000/records.jsonl,7,v3_request_000113,repair_request_rebudget,需重标请求预算,repair,teacher 预算能贴合原请求目标，但请求金额不符合新版分档，需要重标请求预算/自由文本。,controlled,2026-05-06T00:18:47+08:00,重庆,limited,soft,1200,1700,2000,1197,900,1300,below,ok,1.5667,True,33
archive,archive/2026-05-06_smoke20_before_sft1000,training/data/v3/sft/archive/2026-05-06_smoke20_before_sft1000/records.jsonl,8,v3_request_000105,nonbudget_only,仅适合非预算 SFT,nonbudget_only,strictness=none，无预算目标区间；可保留作 schema/grounding，预算训练不使用。,controlled,2026-05-06T00:19:40+08:00,南京,standard,none,2800,3200,4300,1752,0,0,below,no_budget_policy,1.3357,True,22
archive,archive/2026-05-06_smoke20_before_sft1000,training/data/v3/sft/archive/2026-05-06_smoke20_before_sft1000/records.jsonl,9,v3_request_000101,repair_request_rebudget,需重标请求预算,repair,teacher 预算能贴合原请求目标，但请求金额不符合新版分档，需要重标请求预算/自由文本。,controlled,2026-05-06T00:19:42+08:00,长沙,standard,soft,3000,3700,4800,1810,1800,3200,below,ok,1.2687,True,30
archive,archive/2026-05-06_smoke20_before_sft1000,training/data/v3/sft/archive/2026-05-06_smoke20_before_sft1000/records.jsonl,10,v3_request_000111,usable_budget_clean,预算主集可用,use,请求预算符合新分档，teacher 预算在目标区间，候选池可支撑预算。,controlled,2026-05-06T00:19:56+08:00,珠海,comfortable,soft,9400,8200,10800,9363,6600,10300,ok,ok,1.0599,True,28
archive,archive/2026-05-06_smoke20_before_sft1000,training/data/v3/sft/archive/2026-05-06_smoke20_before_sft1000/records.jsonl,11,v3_request_000104,repair_request_rebudget,需重标请求预算,repair,teacher 预算能贴合原请求目标，但请求金额不符合新版分档，需要重标请求预算/自由文本。,controlled,2026-05-06T00:20:14+08:00,杭州,standard,hard,3400,4600,5800,3004,2000,3400,below,ok,1.3182,True,25
archive,archive/2026-05-06_smoke20_before_sft1000,training/data/v3/sft/archive/2026-05-06_smoke20_before_sft1000/records.jsonl,12,v3_request_000108,drop_or_full_regen,预算训练淘汰或整条重做,drop_or_regenerate,请求预算和 teacher 预算至少两侧不匹配，预算训练建议淘汰或整条重做。,controlled,2026-05-06T00:20:25+08:00,青岛,standard,soft,19200,13800,17600,10810,11500,20200,above,below,0.7435,False,27
archive,archive/2026-05-06_smoke20_before_sft1000,training/data/v3/sft/archive/2026-05-06_smoke20_before_sft1000/records.jsonl,13,v3_request_000114,usable_budget_candidate_tight,预算可用但候选偏紧,use_with_caution,请求和 teacher 预算都合格，但候选池高配估算低于用户预算，不适合训练用满预算。,controlled,2026-05-06T00:20:32+08:00,丽江,standard,soft,5100,4200,5300,5096,3100,5400,ok,ok,0.7388,False,31
archive,archive/2026-05-06_smoke20_before_sft1000,training/data/v3/sft/archive/2026-05-06_smoke20_before_sft1000/records.jsonl,14,v3_request_000107,repair_request_rebudget,需重标请求预算,repair,teacher 预算能贴合原请求目标，但请求金额不符合新版分档，需要重标请求预算/自由文本。,controlled,2026-05-06T00:21:13+08:00,武汉,comfortable,soft,8200,9300,11800,6308,5700,9000,below,ok,0.8273,False,24
archive,archive/2026-05-06_smoke20_before_sft1000,training/data/v3/sft/archive/2026-05-06_smoke20_before_sft1000/records.jsonl,15,v3_request_000110,repair_teacher_regen,需重生成 teacher,repair,请求预算符合新分档，但 teacher 预算低于目标区间，需要重生成 teacher。,controlled,2026-05-06T00:21:46+08:00,沈阳,comfortable,soft,6300,6300,8600,4134,4400,6900,ok,below,0.7403,False,24
archive,archive/20260503_170900_before_budget_fit_smoke,training/data/v3/sft/archive/20260503_170900_before_budget_fit_smoke/records.jsonl,1,v3_request_000000,repair_teacher_regen,需重生成 teacher,repair,请求预算符合新分档，但 teacher 预算低于目标区间，需要重生成 teacher。,controlled,2026-05-03T15:36:36+08:00,昆明,premium,soft,9000,7400,10600,1802,6800,10100,ok,below,0.4644,False,10
archive,archive/20260503_170900_before_budget_fit_smoke,training/data/v3/sft/archive/20260503_170900_before_budget_fit_smoke/records.jsonl,2,v3_request_000001,repair_teacher_regen,需重生成 teacher,repair,请求预算符合新分档，但 teacher 预算低于目标区间，需要重生成 teacher。,controlled,2026-05-03T15:40:14+08:00,桂林,comfortable,soft,6000,5600,7500,2192,4200,6600,ok,below,0.7813,False,8
archive,archive/20260503_170900_before_budget_fit_smoke,training/data/v3/sft/archive/20260503_170900_before_budget_fit_smoke/records.jsonl,3,v3_request_000003,repair_request_rebudget,需重标请求预算,repair,teacher 预算能贴合原请求目标，但请求金额不符合新版分档，需要重标请求预算/自由文本。,controlled,2026-05-03T15:45:07+08:00,西安,standard,soft,2500,4800,5900,2304,1500,2600,below,ok,1.2256,True,10
archive,archive/20260503_170900_before_budget_fit_smoke,training/data/v3/sft/archive/20260503_170900_before_budget_fit_smoke/records.jsonl,4,v3_request_000004,drop_or_full_regen,预算训练淘汰或整条重做,drop_or_regenerate,请求预算和 teacher 预算至少两侧不匹配，预算训练建议淘汰或整条重做。,controlled,2026-05-03T15:49:34+08:00,张家界,standard,soft,10000,11500,14900,4340,6000,10500,below,below,1.521,True,8
archive,archive/20260503_170900_before_budget_fit_smoke,training/data/v3/sft/archive/20260503_170900_before_budget_fit_smoke/records.jsonl,5,v3_request_000005,repair_request_rebudget,需重标请求预算,repair,teacher 预算能贴合原请求目标，但请求金额不符合新版分档，需要重标请求预算/自由文本。,controlled,2026-05-03T15:53:02+08:00,广州,limited,soft,1800,2400,3100,1368,1300,1900,below,ok,2.6356,True,10
archive,archive/20260503_170900_before_budget_fit_smoke,training/data/v3/sft/archive/20260503_170900_before_budget_fit_smoke/records.jsonl,6,v3_request_000007,nonbudget_only,仅适合非预算 SFT,nonbudget_only,strictness=none，无预算目标区间；可保留作 schema/grounding，预算训练不使用。,controlled,2026-05-03T15:57:42+08:00,成都,standard,none,3000,4600,5800,2898,0,0,below,no_budget_policy,2.1767,True,5
archive,archive/20260503_170900_before_budget_fit_smoke,training/data/v3/sft/archive/20260503_170900_before_budget_fit_smoke/records.jsonl,7,v3_request_000006,repair_request_rebudget,需重标请求预算,repair,teacher 预算能贴合原请求目标，但请求金额不符合新版分档，需要重标请求预算/自由文本。,controlled,2026-05-03T16:00:37+08:00,南京,limited,hard,2400,5000,6300,2154,1700,2400,below,ok,4.8346,True,6
archive,archive/20260503_170900_before_budget_fit_smoke,training/data/v3/sft/archive/20260503_170900_before_budget_fit_smoke/records.jsonl,8,v3_request_000008,repair_request_rebudget,需重标请求预算,repair,teacher 预算能贴合原请求目标，但请求金额不符合新版分档，需要重标请求预算/自由文本。,controlled,2026-05-03T16:00:51+08:00,大理,standard,soft,2400,3800,5000,1494,1400,2500,below,ok,2.14,True,8
archive,archive/20260503_170900_before_budget_fit_smoke,training/data/v3/sft/archive/20260503_170900_before_budget_fit_smoke/records.jsonl,9,v3_request_000009,drop_or_full_regen,预算训练淘汰或整条重做,drop_or_regenerate,请求预算和 teacher 预算至少两侧不匹配，预算训练建议淘汰或整条重做。,controlled,2026-05-03T16:04:41+08:00,苏州,comfortable,soft,16000,18100,24400,7384,11200,17600,below,below,1.3645,True,10
archive,archive/20260503_170900_before_budget_fit_smoke,training/data/v3/sft/archive/20260503_170900_before_budget_fit_smoke/records.jsonl,10,v3_request_000010,drop_or_full_regen,预算训练淘汰或整条重做,drop_or_regenerate,请求预算和 teacher 预算至少两侧不匹配，预算训练建议淘汰或整条重做。,controlled,2026-05-03T16:04:55+08:00,西安,standard,soft,8000,9300,12600,4094,4800,8400,below,below,1.602,True,10
archive,archive/20260503_170900_before_budget_fit_smoke,training/data/v3/sft/archive/20260503_170900_before_budget_fit_smoke/records.jsonl,11,v3_request_000011,repair_teacher_regen,需重生成 teacher,repair,请求预算符合新分档，但 teacher 预算低于目标区间，需要重生成 teacher。,controlled,2026-05-03T16:07:24+08:00,福州,standard,soft,4800,4700,6000,2512,2900,5000,ok,below,1.5088,True,9
archive,archive/20260503_170900_before_budget_fit_smoke,training/data/v3/sft/archive/20260503_170900_before_budget_fit_smoke/records.jsonl,12,v3_request_000013,repair_request_rebudget,需重标请求预算,repair,teacher 预算能贴合原请求目标，但请求金额不符合新版分档，需要重标请求预算/自由文本。,controlled,2026-05-03T16:10:23+08:00,武汉,standard,soft,4500,6500,8200,3173,2700,4700,below,ok,1.8102,True,10
archive,archive/20260503_170900_before_budget_fit_smoke,training/data/v3/sft/archive/20260503_170900_before_budget_fit_smoke/records.jsonl,13,v3_request_000012,drop_or_full_regen,预算训练淘汰或整条重做,drop_or_regenerate,请求预算和 teacher 预算至少两侧不匹配，预算训练建议淘汰或整条重做。,controlled,2026-05-03T16:12:12+08:00,洛阳,luxury,hard,24000,17400,23100,6023,18000,24000,above,below,0.5481,False,8
archive,archive/20260503_170900_before_budget_fit_smoke,training/data/v3/sft/archive/20260503_170900_before_budget_fit_smoke/records.jsonl,14,v3_request_000014,repair_request_rebudget,需重标请求预算,repair,teacher 预算能贴合原请求目标，但请求金额不符合新版分档，需要重标请求预算/自由文本。,controlled,2026-05-03T16:12:45+08:00,成都,limited,soft,1600,2900,3800,1430,1200,1700,below,ok,10.675,True,5
archive,archive/20260503_170900_before_budget_fit_smoke,training/data/v3/sft/archive/20260503_170900_before_budget_fit_smoke/records.jsonl,15,v3_request_000015,repair_request_rebudget,需重标请求预算,repair,teacher 预算能贴合原请求目标，但请求金额不符合新版分档，需要重标请求预算/自由文本。,controlled,2026-05-03T16:18:33+08:00,南京,standard,soft,3600,4200,5400,2333,2200,3800,below,ok,3.0469,True,10
archive,archive/20260503_170900_before_budget_fit_smoke,training/data/v3/sft/archive/20260503_170900_before_budget_fit_smoke/records.jsonl,16,v3_request_000016,drop_or_full_regen,预算训练淘汰或整条重做,drop_or_regenerate,请求预算和 teacher 预算至少两侧不匹配，预算训练建议淘汰或整条重做。,controlled,2026-05-03T16:20:22+08:00,苏州,limited,soft,1200,2700,3300,1920,900,1300,below,above,5.0267,True,12
archive,archive/20260503_170900_before_budget_fit_smoke,training/data/v3/sft/archive/20260503_170900_before_budget_fit_smoke/records.jsonl,17,v3_request_000017,drop_or_full_regen,预算训练淘汰或整条重做,drop_or_regenerate,请求预算和 teacher 预算至少两侧不匹配，预算训练建议淘汰或整条重做。,controlled,2026-05-03T16:21:56+08:00,苏州,comfortable,soft,7200,8500,11400,3177,5000,7900,below,below,1.3767,True,10
archive,archive/20260503_170900_before_budget_fit_smoke,training/data/v3/sft/archive/20260503_170900_before_budget_fit_smoke/records.jsonl,18,v3_request_000018,drop_or_full_regen,预算训练淘汰或整条重做,drop_or_regenerate,请求预算和 teacher 预算至少两侧不匹配，预算训练建议淘汰或整条重做。,controlled,2026-05-03T16:23:15+08:00,天津,limited,hard,1200,1900,2500,869,900,1200,below,below,4.8308,True,9
archive,archive/20260503_170900_before_budget_fit_smoke,training/data/v3/sft/archive/20260503_170900_before_budget_fit_smoke/records.jsonl,19,v3_request_000019,repair_request_rebudget,需重标请求预算,repair,teacher 预算能贴合原请求目标，但请求金额不符合新版分档，需要重标请求预算/自由文本。,controlled,2026-05-03T16:30:21+08:00,丽江,limited,soft,6000,10100,12200,5720,4300,6300,below,ok,3.404,True,5
