split,record_id,city,budget_level,strictness,amount,travel_days,party_total
train,v3_request_407714,昆明,limited,soft,2300,3,1
train,v3_request_407386,天津,limited,soft,2200,2,3
train,v3_request_407481,成都,comfortable,soft,11100,3,4
train,v3_request_407521,天津,standard,soft,4700,2,4
train,v3_request_407171,厦门,comfortable,soft,18400,4,5
train,v3_request_407821,长沙,comfortable,soft,5700,2,3
train,v3_request_407585,珠海,standard,soft,9700,4,4
train,v3_request_407622,北京,standard,soft,2000,2,1
train,v3_request_404369,昆明,comfortable,soft,17800,4,4
train,v3_request_404061,三亚,standard,soft,2900,3,1
train,v3_request_404323,深圳,premium,soft,10800,4,2
train,v3_request_407176,呼和浩特,limited,soft,4800,3,4
train,v3_request_406190,西安,limited,soft,3000,2,3
train,v3_request_406093,成都,standard,soft,9100,3,4
train,v3_request_407300,昆明,standard,soft,5500,3,3
train,v3_request_405038,北京,limited,soft,4600,3,4
train,v3_request_407552,上海,limited,soft,2100,2,2
train,v3_request_407647,广州,comfortable,soft,10600,4,2
train,v3_request_407800,杭州,standard,soft,2600,2,2
train,v3_request_405193,长沙,limited,soft,3800,4,2
train,v3_request_408281,北京,limited,soft,6200,3,4
train,v3_request_404107,长沙,limited,soft,8700,5,3
train,v3_request_408787,北京,standard,soft,4400,2,4
train,v3_request_409760,重庆,limited,hard,2700,2,3
train,v3_request_404396,天津,comfortable,soft,7700,3,3
train,v3_request_407550,宁波,limited,soft,2500,4,1
train,v3_request_408724,三亚,limited,soft,10800,5,3
train,v3_request_404311,三亚,comfortable,soft,5600,3,2
train,v3_request_404328,青岛,comfortable,soft,18500,5,4
train,v3_request_407008,深圳,limited,soft,3300,3,2
train,v3_request_407032,福州,standard,soft,3800,2,3
train,v3_request_407110,西安,limited,soft,3100,3,2
train,v3_request_404137,北京,luxury,soft,24800,3,4
train,v3_request_409675,丽江,premium,none,8900,3,2
train,v3_request_409822,杭州,limited,hard,6400,5,2
train,v3_request_409310,北京,comfortable,none,7600,3,2
train,v3_request_407612,三亚,limited,soft,2200,4,1
train,v3_request_407074,北京,premium,soft,12800,4,2
train,v3_request_407113,南京,standard,soft,5500,3,3
train,v3_request_404259,上海,limited,hard,7600,4,3
train,v3_request_404375,呼和浩特,comfortable,soft,6300,2,3
train,v3_request_408327,深圳,limited,hard,5000,3,3
train,v3_request_407252,福州,limited,soft,2900,2,3
train,v3_request_407099,广州,limited,soft,1000,2,1
train,v3_request_409785,厦门,premium,soft,8300,2,3
train,v3_request_408525,三亚,comfortable,soft,5100,4,1
train,v3_request_407518,沈阳,standard,soft,6300,3,3
train,v3_request_407329,宁波,standard,soft,13000,5,3
train,v3_request_407424,上海,comfortable,soft,5600,3,2
train,v3_request_407049,苏州,comfortable,soft,9300,4,2
train,v3_request_406213,长沙,standard,soft,7200,3,4
train,v3_request_404002,武汉,limited,soft,5100,3,4
train,v3_request_407089,成都,standard,soft,17200,4,5
train,v3_request_407544,北京,standard,soft,3900,4,1
train,v3_request_407064,长沙,standard,none,2700,2,2
train,v3_request_407487,青岛,comfortable,soft,4400,3,1
train,v3_request_407514,成都,limited,soft,2000,2,2
train,v3_request_407634,杭州,luxury,soft,14600,3,3
train,v3_request_407592,深圳,comfortable,soft,3400,2,1
train,v3_request_407107,宁波,comfortable,soft,13900,3,6
train,v3_request_407613,泉州,standard,soft,7800,4,4
train,v3_request_407145,泉州,standard,soft,3600,2,4
train,v3_request_407274,张家界,limited,soft,9500,4,5
train,v3_request_405150,上海,limited,hard,3300,3,2
train,v3_request_404078,成都,limited,none,4100,2,4
train,v3_request_404265,成都,standard,soft,2600,2,2
train,v3_request_405250,成都,comfortable,none,12600,3,3
train,v3_request_407236,广州,limited,none,1700,2,2
train,v3_request_404370,苏州,limited,soft,1000,2,1
train,v3_request_407187,昆明,comfortable,soft,5900,4,1
train,v3_request_409179,武汉,standard,none,4200,3,2
train,v3_request_409351,天津,standard,none,8000,3,4
train,v3_request_407620,青岛,limited,hard,7100,5,3
train,v3_request_407175,青岛,standard,soft,10000,3,5
train,v3_request_405104,三亚,limited,soft,2400,3,1
train,v3_request_408450,北京,standard,soft,2800,3,1
train,v3_request_404092,扬州,limited,hard,4300,3,4
train,v3_request_404202,上海,standard,soft,3200,2,2
train,v3_request_407395,厦门,limited,soft,4500,3,3
train,v3_request_407597,广州,luxury,soft,29300,4,4
train,v3_request_407754,广州,comfortable,none,10700,4,2
train,v3_request_405224,深圳,standard,soft,4300,2,3
train,v3_request_407169,广州,comfortable,soft,4900,4,1
train,v3_request_407267,南京,limited,soft,3900,5,2
train,v3_request_409536,重庆,limited,soft,2700,3,2
train,v3_request_405236,成都,limited,soft,6100,4,3
train,v3_request_407500,成都,comfortable,soft,22300,4,6
train,v3_request_408251,苏州,comfortable,soft,15100,4,4
train,v3_request_405339,长沙,standard,soft,2500,3,1
train,v3_request_407040,南京,limited,hard,5100,3,3
train,v3_request_404235,北京,standard,soft,10900,4,4
train,v3_request_407332,长沙,comfortable,soft,6100,3,2
train,v3_request_407769,上海,comfortable,soft,15700,3,4
train,v3_request_407501,三亚,comfortable,hard,2800,2,1
train,v3_request_404197,济南,limited,soft,7900,4,4
train,v3_request_405284,上海,comfortable,soft,2100,2,1
train,v3_request_407182,深圳,luxury,soft,10400,4,1
train,v3_request_407002,宁波,limited,hard,4500,3,3
train,v3_request_408697,福州,comfortable,soft,6000,3,2
train,v3_request_406421,哈尔滨,standard,soft,3900,2,3
train,v3_request_407356,珠海,limited,hard,2800,4,2
train,v3_request_407375,青岛,standard,soft,2800,4,1
train,v3_request_405326,青岛,standard,none,6500,3,3
train,v3_request_408090,北京,standard,soft,14400,4,4
train,v3_request_407131,西安,comfortable,soft,17700,4,4
train,v3_request_408765,昆明,comfortable,soft,7000,3,2
train,v3_request_404140,成都,limited,soft,1700,3,1
train,v3_request_404247,北京,standard,soft,16400,4,5
train,v3_request_404008,上海,limited,soft,2200,3,1
train,v3_request_407687,丽江,standard,soft,8700,3,3
train,v3_request_404181,深圳,comfortable,soft,16300,4,3
train,v3_request_408617,西安,comfortable,soft,4100,2,2
train,v3_request_404219,北京,comfortable,soft,9500,3,3
train,v3_request_405049,南京,comfortable,soft,3500,2,2
train,v3_request_404126,广州,comfortable,soft,3500,2,2
train,v3_request_407555,宁波,standard,soft,4600,4,2
train,v3_request_404325,三亚,limited,soft,5500,3,4
train,v3_request_407294,郑州,limited,soft,3800,2,4
train,v3_request_407584,苏州,limited,soft,7900,3,6
train,v3_request_404203,桂林,comfortable,soft,7800,5,1
train,v3_request_407602,上海,premium,soft,14600,3,3
train,v3_request_407446,昆明,comfortable,soft,6900,4,2
train,v3_request_404324,西安,standard,soft,3100,2,2
train,v3_request_407129,南京,comfortable,soft,13000,4,3
train,v3_request_408674,桂林,limited,none,5800,4,3
train,v3_request_407081,北京,comfortable,soft,13100,4,3
train,v3_request_407707,厦门,premium,none,3700,2,1
train,v3_request_404096,苏州,comfortable,none,13700,3,4
train,v3_request_407716,北京,comfortable,soft,13100,5,2
train,v3_request_407644,武汉,standard,hard,4400,3,2
train,v3_request_407510,上海,standard,soft,2700,2,2
train,v3_request_407266,北京,limited,soft,4300,5,2
train,v3_request_406389,杭州,standard,soft,4100,2,3
train,v3_request_407689,北京,limited,none,4300,5,2
train,v3_request_407676,大连,limited,soft,2300,2,3
train,v3_request_404144,宁波,comfortable,soft,7700,3,3
train,v3_request_404136,三亚,standard,soft,4200,3,2
train,v3_request_408768,沈阳,limited,soft,2100,3,2
train,v3_request_408275,上海,standard,soft,7500,3,4
train,v3_request_407418,西安,standard,soft,8300,4,3
train,v3_request_407383,南京,comfortable,hard,6000,3,2
train,v3_request_407636,西安,limited,soft,4300,4,2
train,v3_request_404098,泉州,comfortable,soft,10800,5,2
train,v3_request_407154,厦门,comfortable,soft,15500,4,3
train,v3_request_407333,呼和浩特,standard,soft,5200,2,5
train,v3_request_404121,三亚,standard,soft,8200,3,3
train,v3_request_404223,苏州,standard,soft,9400,3,4
train,v3_request_408710,大理,comfortable,none,13700,3,4
train,v3_request_408798,北京,limited,soft,2400,4,1
train,v3_request_405000,苏州,limited,soft,3800,5,1
train,v3_request_407477,郑州,comfortable,soft,2100,2,1
train,v3_request_404387,深圳,comfortable,hard,6900,2,4
train,v3_request_407671,上海,standard,none,6100,3,3
train,v3_request_408269,黄山,limited,soft,3500,4,2
train,v3_request_404076,成都,standard,soft,4500,3,2
train,v3_request_404272,济南,limited,hard,6300,4,3
train,v3_request_407201,三亚,standard,hard,9100,3,4
train,v3_request_408652,黄山,standard,soft,9000,4,4
train,v3_request_404278,三亚,standard,soft,3800,2,3
train,v3_request_407423,桂林,limited,soft,3000,4,2
train,v3_request_408491,郑州,comfortable,soft,3800,3,1
train,v3_request_407772,青岛,standard,soft,3700,2,3
train,v3_request_407222,长沙,standard,soft,11900,5,4
train,v3_request_408353,南京,standard,soft,18400,5,4
train,v3_request_404024,北京,luxury,hard,13300,5,1
train,v3_request_407265,昆明,premium,soft,5100,3,1
train,v3_request_407598,南京,standard,none,2000,3,1
train,v3_request_408003,北京,comfortable,soft,13000,3,4
train,v3_request_408788,杭州,comfortable,soft,7300,2,3
train,v3_request_407385,大理,limited,none,5800,4,3
train,v3_request_408515,南京,standard,soft,5400,2,5
train,v3_request_407705,天津,comfortable,soft,6000,4,2
train,v3_request_407591,长沙,comfortable,soft,1900,2,1
train,v3_request_408306,青岛,premium,soft,14200,2,6
train,v3_request_407194,三亚,standard,soft,5800,4,2
train,v3_request_404405,宁波,standard,soft,4400,4,2
train,v3_request_407546,长沙,limited,soft,7500,4,4
train,v3_request_407344,北京,limited,soft,4500,3,3
train,v3_request_404319,苏州,standard,soft,6900,3,3
train,v3_request_407573,深圳,standard,soft,2500,2,2
train,v3_request_407741,济南,limited,soft,5300,3,4
train,v3_request_406021,上海,comfortable,soft,10900,3,4
train,v3_request_407519,长沙,standard,soft,6700,3,4
train,v3_request_407566,长沙,comfortable,soft,3200,2,2
train,v3_request_404316,长沙,standard,none,10100,4,3
train,v3_request_407034,珠海,standard,soft,5000,2,4
train,v3_request_407604,苏州,comfortable,soft,3200,2,2
train,v3_request_408322,北京,limited,soft,4300,4,2
train,v3_request_407575,厦门,comfortable,soft,8900,5,2
train,v3_request_405410,北京,standard,soft,11100,4,3
train,v3_request_404335,成都,limited,soft,5000,4,2
train,v3_request_404040,杭州,limited,hard,9500,3,6
train,v3_request_404088,深圳,limited,soft,4300,5,2
train,v3_request_404012,青岛,limited,soft,2900,3,2
train,v3_request_407814,广州,standard,soft,7600,4,3
train,v3_request_407545,三亚,limited,hard,2600,2,3
train,v3_request_405285,北京,standard,soft,4100,3,2
train,v3_request_407133,桂林,standard,none,5200,2,4
train,v3_request_407648,西安,limited,soft,5900,3,3
train,v3_request_407370,杭州,premium,soft,20400,4,3
train,v3_request_408162,三亚,standard,soft,3400,3,1
train,v3_request_408071,扬州,standard,soft,4300,4,2
train,v3_request_404309,西安,comfortable,soft,7600,2,3
train,v3_request_407590,杭州,limited,soft,8300,4,3
train,v3_request_407513,青岛,comfortable,soft,10800,5,2
train,v3_request_407784,成都,comfortable,soft,15000,4,4
train,v3_request_404249,青岛,standard,soft,2000,3,1
train,v3_request_407231,武汉,limited,soft,3800,2,4
train,v3_request_409030,桂林,limited,soft,3000,4,1
train,v3_request_407331,深圳,comfortable,none,4900,2,2
train,v3_request_407427,广州,standard,soft,10900,4,4
train,v3_request_404165,北京,comfortable,none,5600,4,1
train,v3_request_404116,上海,premium,soft,15600,3,3
train,v3_request_404009,宁波,standard,soft,1500,2,1
train,v3_request_407695,青岛,comfortable,soft,5600,3,2
train,v3_request_407506,上海,standard,soft,4800,3,2
train,v3_request_407166,宁波,standard,none,6200,3,3
train,v3_request_407355,济南,comfortable,soft,14600,4,4
train,v3_request_407365,珠海,comfortable,soft,9700,3,3
train,v3_request_404074,北京,standard,soft,3000,3,1
train,v3_request_408752,丽江,comfortable,soft,12000,4,3
train,v3_request_404392,苏州,standard,soft,7300,3,3
train,v3_request_404083,西安,comfortable,soft,13500,3,4
train,v3_request_408128,杭州,limited,soft,4900,3,3
train,v3_request_407753,丽江,limited,hard,2200,4,1
train,v3_request_409139,哈尔滨,limited,soft,2100,3,1
train,v3_request_407134,郑州,standard,soft,7300,4,3
train,v3_request_409143,深圳,standard,none,11200,4,3
train,v3_request_404416,郑州,comfortable,soft,5500,2,3
train,v3_request_407304,武汉,comfortable,soft,4100,3,1
train,v3_request_408709,福州,standard,none,4400,2,3
train,v3_request_404032,深圳,premium,soft,29500,3,6
train,v3_request_407569,北京,limited,soft,2300,2,2
train,v3_request_407683,南京,standard,soft,11100,4,3
train,v3_request_407422,上海,comfortable,soft,16400,4,3
train,v3_request_404391,厦门,luxury,soft,22500,4,4
train,v3_request_407051,三亚,comfortable,soft,15700,4,3
train,v3_request_408651,武汉,comfortable,none,13800,3,4
train,v3_request_404383,北京,standard,soft,9100,5,2
train,v3_request_407279,武汉,limited,hard,3000,5,1
train,v3_request_408650,贵阳,limited,soft,7100,4,4
train,v3_request_409172,西安,standard,soft,9500,3,3
train,v3_request_405376,宁波,standard,soft,3600,3,2
train,v3_request_408195,宁波,premium,hard,6000,2,2
train,v3_request_407530,长沙,standard,soft,4400,4,2
train,v3_request_404349,青岛,limited,none,6500,3,4
train,v3_request_408193,三亚,standard,none,8500,5,2
train,v3_request_409229,三亚,standard,none,7800,4,3
train,v3_request_407185,桂林,standard,soft,4200,2,3
train,v3_request_407029,北京,limited,soft,18000,5,5
train,v3_request_405254,广州,comfortable,soft,5300,3,2
train,v3_request_407314,北京,premium,soft,6300,2,2
train,v3_request_407494,深圳,comfortable,soft,10400,3,3
train,v3_request_409135,南京,comfortable,none,20100,4,4
train,v3_request_408670,天津,standard,soft,2100,2,2
train,v3_request_407551,桂林,limited,hard,2500,2,3
train,v3_request_405314,苏州,standard,hard,5000,2,4
train,v3_request_404414,广州,standard,none,4900,2,3
train,v3_request_408132,青岛,standard,soft,4200,3,2
train,v3_request_407141,济南,limited,soft,2500,3,2
train,v3_request_404332,广州,standard,soft,7400,3,4
train,v3_request_407732,扬州,limited,hard,3700,5,1
train,v3_request_404337,张家界,limited,hard,7000,4,3
train,v3_request_406204,南京,limited,none,1500,3,1
train,v3_request_407469,天津,comfortable,none,6700,3,2
train,v3_request_404282,北京,standard,hard,3400,2,2
train,v3_request_409358,广州,standard,none,5300,3,2
train,v3_request_405305,西安,comfortable,soft,9700,4,2
train,v3_request_407473,北京,standard,soft,10400,4,3
train,v3_request_405073,苏州,limited,hard,5800,4,3
train,v3_request_407163,郑州,standard,soft,5400,3,3
train,v3_request_409420,武汉,standard,none,8900,4,3
train,v3_request_405209,西安,limited,hard,3900,3,3
train,v3_request_407125,福州,standard,soft,10900,4,3
train,v3_request_408512,天津,limited,soft,1400,3,1
train,v3_request_404361,广州,luxury,soft,3500,2,1
train,v3_request_407428,青岛,limited,soft,3000,4,1
train,v3_request_407199,珠海,limited,soft,2500,2,3
train,v3_request_404155,天津,limited,hard,3700,4,2
train,v3_request_404022,上海,standard,soft,14200,4,4
train,v3_request_404152,南京,comfortable,soft,4600,3,1
train,v3_request_408178,三亚,standard,soft,6300,3,2
train,v3_request_404267,丽江,limited,soft,5400,5,2
train,v3_request_409257,桂林,comfortable,soft,2600,2,1
train,v3_request_407316,桂林,limited,hard,3900,4,2
train,v3_request_405051,苏州,limited,soft,11900,5,6
train,v3_request_407708,呼和浩特,comfortable,soft,5600,2,3
train,v3_request_406004,成都,standard,soft,9200,5,2
train,v3_request_407037,沈阳,comfortable,soft,9400,4,2
train,v3_request_408012,昆明,limited,soft,1500,3,1
train,v3_request_407024,济南,comfortable,none,6100,3,2
train,v3_request_407533,上海,limited,hard,3900,3,2
train,v3_request_404134,苏州,comfortable,soft,15500,4,3
train,v3_request_404095,上海,standard,soft,5300,4,2
train,v3_request_407560,苏州,comfortable,soft,2600,2,1
train,v3_request_407259,西安,standard,soft,3500,3,2
train,v3_request_405026,扬州,limited,soft,6700,5,4
train,v3_request_407155,北京,comfortable,soft,15600,3,4
train,v3_request_407323,北京,standard,soft,2400,2,2
train,v3_request_408321,广州,limited,soft,10700,5,3
train,v3_request_405239,武汉,comfortable,soft,10900,3,3
train,v3_request_408190,福州,comfortable,soft,12300,4,4
train,v3_request_406280,呼和浩特,limited,soft,3600,3,3
train,v3_request_407737,重庆,limited,hard,4400,3,3
train,v3_request_407621,深圳,premium,soft,7700,3,2
train,v3_request_407581,珠海,comfortable,soft,5300,3,2
train,v3_request_408775,苏州,limited,hard,4100,2,5
train,v3_request_407662,深圳,comfortable,soft,4500,3,1
train,v3_request_407284,桂林,standard,soft,2200,2,2
train,v3_request_407307,青岛,comfortable,soft,11800,3,4
train,v3_request_405119,南京,standard,soft,6900,4,3
train,v3_request_407069,扬州,limited,hard,7800,5,4
train,v3_request_404050,郑州,standard,soft,9300,4,3
train,v3_request_408434,杭州,premium,none,8000,2,2
train,v3_request_407738,成都,standard,soft,8900,3,3
train,v3_request_408397,苏州,comfortable,soft,8200,2,3
train,v3_request_406120,三亚,standard,soft,6000,4,2
train,v3_request_407077,天津,comfortable,soft,6800,2,3
train,v3_request_407011,宁波,standard,soft,4800,5,1
train,v3_request_407159,天津,comfortable,soft,2900,3,1
train,v3_request_409711,张家界,standard,none,2600,3,1
train,v3_request_408085,北京,standard,none,7000,3,3
train,v3_request_404255,昆明,standard,soft,17700,5,5
train,v3_request_408528,北京,standard,soft,9800,5,3
train,v3_request_407734,沈阳,standard,none,4800,2,4
train,v3_request_404347,北京,standard,soft,4800,3,2
train,v3_request_404348,济南,limited,soft,6200,4,3
train,v3_request_408204,杭州,limited,none,3000,3,2
train,v3_request_405054,成都,standard,none,2500,3,1
train,v3_request_407197,青岛,limited,soft,1700,2,2
train,v3_request_405341,宁波,standard,soft,10300,4,3
train,v3_request_404363,洛阳,limited,hard,2700,3,2
train,v3_request_407449,泉州,standard,soft,4800,3,2
train,v3_request_407345,北京,comfortable,soft,6900,2,3
train,v3_request_407146,上海,comfortable,soft,7200,3,2
train,v3_request_407318,北京,limited,hard,11500,5,4
train,v3_request_409352,长沙,standard,soft,1500,2,1
train,v3_request_407018,深圳,comfortable,soft,8700,5,2
train,v3_request_407013,济南,comfortable,soft,3400,3,1
train,v3_request_407151,成都,limited,soft,3400,4,2
train,v3_request_407758,杭州,limited,soft,6800,4,3
train,v3_request_405296,北京,limited,hard,1700,3,1
train,v3_request_408083,北京,standard,soft,5500,2,4
train,v3_request_404082,成都,standard,soft,5600,4,2
train,v3_request_409666,上海,standard,soft,5000,2,3
train,v3_request_404260,昆明,comfortable,none,10500,3,4
train,v3_request_409214,上海,comfortable,soft,15600,4,3
train,v3_request_406071,苏州,comfortable,soft,5100,3,1
train,v3_request_408625,杭州,limited,soft,8500,4,3
train,v3_request_409535,洛阳,limited,soft,5400,5,2
train,v3_request_407295,广州,standard,soft,5300,3,2
train,v3_request_408556,洛阳,comfortable,soft,3300,2,2
train,v3_request_405045,北京,limited,soft,1500,2,1
train,v3_request_407036,大连,limited,soft,4000,3,3
train,v3_request_407114,厦门,limited,soft,2400,2,2
train,v3_request_407492,广州,limited,soft,5200,3,4
train,v3_request_405308,长沙,limited,soft,5900,3,3
train,v3_request_407158,青岛,comfortable,soft,12700,4,3
train,v3_request_404313,上海,standard,soft,2600,2,2
train,v3_request_408541,大理,comfortable,soft,5700,3,2
train,v3_request_405178,洛阳,limited,none,3000,3,2
train,v3_request_407210,苏州,limited,hard,3400,2,4
train,v3_request_407611,武汉,limited,soft,5200,4,2
train,v3_request_404395,北京,luxury,soft,12500,3,2
train,v3_request_407359,成都,standard,soft,10400,4,3
train,v3_request_407455,厦门,comfortable,soft,7500,2,4
train,v3_request_404003,扬州,limited,soft,1500,2,1
train,v3_request_405298,宁波,standard,soft,9900,5,4
train,v3_request_408189,黄山,limited,soft,3000,3,2
train,v3_request_404171,成都,comfortable,soft,20800,5,3
train,v3_request_407079,南京,standard,soft,5000,3,3
train,v3_request_407393,上海,comfortable,hard,7600,4,2
train,v3_request_407468,重庆,premium,soft,11200,2,4
train,v3_request_405359,沈阳,limited,soft,4500,3,3
train,v3_request_405366,上海,limited,soft,3300,5,1
train,v3_request_407338,西安,standard,none,4700,3,2
train,v3_request_406394,宁波,standard,soft,3200,4,1
train,v3_request_407057,上海,standard,soft,2200,2,2
train,v3_request_407319,苏州,comfortable,soft,6500,3,2
train,v3_request_407116,长沙,limited,soft,1200,2,1
train,v3_request_407553,上海,limited,soft,7600,4,3
train,v3_request_404131,青岛,comfortable,soft,3700,3,1
train,v3_request_404192,长沙,standard,soft,2400,2,2
train,v3_request_407667,厦门,limited,soft,4500,3,3
train,v3_request_408796,福州,standard,soft,5000,3,3
train,v3_request_407440,北京,premium,soft,4700,3,1
train,v3_request_407241,厦门,comfortable,soft,9500,3,3
train,v3_request_407812,北京,limited,soft,4500,4,2
train,v3_request_407749,长沙,comfortable,soft,15300,5,3
train,v3_request_407244,哈尔滨,comfortable,soft,6000,2,3
train,v3_request_407313,珠海,standard,none,5000,2,4
train,v3_request_409126,成都,standard,soft,6000,2,4
train,v3_request_404001,武汉,standard,soft,6500,2,5
train,v3_request_404365,济南,standard,soft,2400,2,2
train,v3_request_404256,重庆,standard,soft,8100,3,3
train,v3_request_407280,重庆,standard,none,9200,5,2
train,v3_request_407561,大连,standard,soft,3500,3,2
train,v3_request_405377,西安,limited,soft,12500,5,4
train,v3_request_407033,沈阳,limited,soft,7400,4,4
train,v3_request_404206,大连,standard,soft,1900,2,1
train,v3_request_407665,深圳,standard,none,10700,4,3
train,v3_request_404135,福州,limited,none,3000,4,1
train,v3_request_405005,广州,standard,soft,3800,2,3
train,v3_request_404198,三亚,limited,none,4000,3,3
train,v3_request_407046,大连,standard,soft,6600,5,2
train,v3_request_406196,苏州,premium,soft,18600,4,3
train,v3_request_404081,沈阳,standard,soft,5400,3,3
train,v3_request_408693,沈阳,comfortable,soft,6400,3,2
train,v3_request_407023,三亚,standard,soft,4700,2,3
train,v3_request_407739,北京,premium,soft,15700,3,3
train,v3_request_404257,沈阳,limited,hard,5700,4,3
train,v3_request_407050,大理,premium,none,11500,4,2
train,v3_request_404242,宁波,premium,soft,24800,4,4
train,v3_request_404159,三亚,comfortable,soft,6600,3,2
train,v3_request_404128,武汉,comfortable,soft,1700,2,1
train,v3_request_407527,广州,comfortable,soft,21200,4,4
train,v3_request_404138,泉州,limited,hard,4500,3,3
train,v3_request_405205,西安,limited,hard,2100,3,1
train,v3_request_407574,长沙,comfortable,none,11400,3,4
train,v3_request_407482,济南,limited,hard,2000,3,1
train,v3_request_407053,上海,comfortable,none,8600,2,4
train,v3_request_407614,宁波,comfortable,soft,2300,2,1
train,v3_request_407084,呼和浩特,limited,hard,2000,3,2
train,v3_request_404330,南京,comfortable,none,10100,3,3
train,v3_request_407583,广州,limited,soft,3700,4,1
train,v3_request_408437,广州,standard,soft,3500,4,1
train,v3_request_404290,呼和浩特,standard,soft,3600,3,2
train,v3_request_404295,贵阳,comfortable,none,6300,2,3
train,v3_request_404110,洛阳,standard,none,4800,3,2
train,v3_request_407776,黄山,comfortable,soft,11300,3,4
train,v3_request_404185,青岛,standard,none,7600,2,5
train,v3_request_404033,深圳,comfortable,soft,6300,3,2
train,v3_request_404162,大理,comfortable,none,7000,3,2
train,v3_request_408152,扬州,limited,soft,5400,3,4
train,v3_request_404336,北京,standard,soft,2200,3,1
train,v3_request_408435,珠海,limited,none,7500,5,4
train,v3_request_409054,上海,premium,soft,17300,3,3
train,v3_request_404388,沈阳,comfortable,soft,8600,3,3
train,v3_request_407367,深圳,luxury,soft,12500,4,2
train,v3_request_404381,大连,standard,soft,5200,3,2
train,v3_request_407579,大连,standard,soft,2400,2,2
train,v3_request_404133,北京,comfortable,soft,6300,3,2
train,v3_request_408685,哈尔滨,comfortable,soft,6600,3,2
train,v3_request_404262,宁波,limited,soft,4500,3,3
train,v3_request_407549,青岛,comfortable,soft,12100,5,2
train,v3_request_407052,苏州,standard,hard,8400,4,3
train,v3_request_407415,西安,limited,soft,3100,3,2
train,v3_request_407230,郑州,standard,soft,10100,4,5
train,v3_request_407746,成都,standard,soft,10300,3,4
train,v3_request_406007,南京,comfortable,soft,7600,2,4
train,v3_request_408686,武汉,comfortable,soft,11400,3,3
train,v3_request_407388,宁波,standard,soft,4000,4,2
train,v3_request_405027,广州,limited,soft,9000,4,4
train,v3_request_404372,珠海,limited,soft,4500,3,3
train,v3_request_404118,扬州,standard,soft,6100,3,4
train,v3_request_407486,深圳,premium,soft,17800,2,5
train,v3_request_404154,哈尔滨,limited,soft,4500,3,3
train,v3_request_404218,丽江,standard,none,9700,5,3
train,v3_request_407442,上海,limited,soft,1800,3,1
train,v3_request_407224,厦门,comfortable,soft,7100,3,2
train,v3_request_404035,成都,limited,soft,8200,4,4
train,v3_request_405215,哈尔滨,limited,soft,7100,5,3
train,v3_request_407001,西安,standard,none,8400,3,4
train,v3_request_407025,苏州,limited,none,3500,4,2
train,v3_request_407433,宁波,comfortable,soft,14200,3,4
train,v3_request_407221,福州,comfortable,soft,14300,3,4
train,v3_request_408293,北京,standard,soft,5000,3,2
train,v3_request_404417,北京,comfortable,soft,5800,2,3
train,v3_request_404039,大连,standard,soft,8900,4,3
train,v3_request_404229,沈阳,comfortable,soft,3300,2,2
train,v3_request_405014,苏州,limited,soft,1400,2,2
train,v3_request_409350,杭州,standard,soft,3800,2,3
train,v3_request_404277,上海,standard,soft,5700,4,2
train,v3_request_404232,桂林,limited,soft,3300,3,2
train,v3_request_409157,福州,premium,soft,5200,2,2
train,v3_request_409337,北京,comfortable,soft,5100,3,1
train,v3_request_407302,成都,limited,soft,5400,3,3
train,v3_request_407731,成都,limited,soft,3800,2,4
train,v3_request_407009,济南,standard,soft,7000,3,3
train,v3_request_404243,昆明,limited,soft,3200,2,3
train,v3_request_407587,南京,limited,soft,8100,5,3
train,v3_request_407444,福州,limited,hard,3000,3,2
train,v3_request_407412,北京,limited,soft,10600,5,4
train,v3_request_407563,哈尔滨,standard,soft,4400,4,2
train,v3_request_408453,南京,limited,soft,1600,2,2
train,v3_request_407691,长沙,comfortable,soft,4500,2,2
train,v3_request_407443,成都,premium,soft,12400,3,3
train,v3_request_407797,洛阳,limited,soft,2500,2,3
train,v3_request_404385,成都,limited,soft,1200,2,1
train,v3_request_407091,哈尔滨,limited,soft,7400,3,5
train,v3_request_407144,北京,comfortable,soft,8300,4,2
train,v3_request_404210,厦门,comfortable,soft,6000,2,4
train,v3_request_407020,上海,standard,soft,14300,4,4
train,v3_request_407790,广州,standard,none,2900,2,2
train,v3_request_408346,深圳,limited,soft,10500,5,4
train,v3_request_404186,三亚,comfortable,none,5000,2,3
train,v3_request_407414,苏州,limited,hard,2200,3,2
train,v3_request_409824,上海,standard,soft,5500,3,3
train,v3_request_407729,厦门,limited,soft,3900,4,2
train,v3_request_407694,三亚,limited,soft,2800,3,2
train,v3_request_406018,成都,standard,soft,4600,3,2
train,v3_request_405091,长沙,limited,hard,5400,3,3
train,v3_request_409232,桂林,comfortable,soft,9900,2,5
train,v3_request_407216,长沙,limited,soft,1800,3,1
train,v3_request_407419,杭州,comfortable,soft,11100,4,2
train,v3_request_407582,南京,comfortable,soft,21600,4,5
train,v3_request_409174,三亚,limited,soft,3400,4,1
train,v3_request_407649,丽江,limited,hard,3500,4,2
train,v3_request_407149,大连,limited,soft,4000,5,2
train,v3_request_404056,深圳,limited,hard,5500,3,3
train,v3_request_409227,长沙,comfortable,soft,7500,3,2
train,v3_request_407588,哈尔滨,limited,none,1900,3,1
train,v3_request_404266,广州,premium,hard,10400,5,1
train,v3_request_407638,沈阳,standard,none,9600,4,3
train,v3_request_407656,宁波,standard,hard,9000,3,5
train,v3_request_407539,苏州,limited,hard,5500,3,4
train,v3_request_404301,深圳,standard,soft,7100,3,3
train,v3_request_407305,苏州,limited,soft,7200,5,3
train,v3_request_408206,大理,comfortable,none,9800,5,2
train,v3_request_407153,丽江,limited,soft,7500,4,4
train,v3_request_404407,杭州,limited,hard,4700,3,4
train,v3_request_408759,三亚,comfortable,soft,3700,2,2
train,v3_request_408264,宁波,comfortable,soft,6900,2,4
train,v3_request_407811,郑州,comfortable,soft,9800,3,3
train,v3_request_408660,武汉,limited,hard,5900,4,4
train,v3_request_408750,珠海,limited,soft,1900,2,3
train,v3_request_404013,黄山,limited,soft,2000,3,1
train,v3_request_407706,青岛,comfortable,soft,5500,3,2
train,v3_request_409488,北京,limited,soft,9600,4,5
train,v3_request_407235,成都,comfortable,soft,5500,4,1
train,v3_request_405240,上海,limited,soft,4200,4,2
train,v3_request_407192,桂林,standard,soft,5500,3,3
train,v3_request_408432,杭州,limited,soft,5200,3,4
train,v3_request_405132,上海,comfortable,soft,10700,4,2
train,v3_request_407041,重庆,standard,none,7900,3,3
train,v3_request_404364,深圳,standard,hard,6100,3,3
train,v3_request_407526,昆明,limited,soft,7200,4,3
train,v3_request_407791,西安,limited,hard,3300,3,2
train,v3_request_404226,长沙,comfortable,soft,8400,4,2
train,v3_request_405019,成都,standard,soft,8400,3,3
train,v3_request_404047,北京,premium,soft,8000,3,2
train,v3_request_404351,丽江,limited,soft,1400,2,1
train,v3_request_406072,大理,premium,none,22700,3,4
train,v3_request_405412,大连,limited,hard,5000,3,3
train,v3_request_405222,广州,comfortable,soft,12900,4,3
train,v3_request_407736,丽江,limited,soft,5000,3,3
train,v3_request_405079,成都,limited,soft,6400,3,4
train,v3_request_408147,青岛,limited,soft,2200,3,1
train,v3_request_408593,昆明,comfortable,soft,18500,3,5
train,v3_request_407292,杭州,premium,soft,12900,2,3
train,v3_request_407038,泉州,limited,soft,9600,5,4
train,v3_request_407538,上海,limited,soft,7100,3,4
train,v3_request_407184,武汉,luxury,soft,3200,2,1
train,v3_request_404189,珠海,comfortable,soft,8600,3,3
train,v3_request_407138,三亚,limited,hard,2800,3,2
train,v3_request_407795,贵阳,standard,none,3400,3,2
train,v3_request_407276,济南,standard,soft,8300,4,3
train,v3_request_404234,昆明,comfortable,none,12800,5,2
train,v3_request_407339,武汉,standard,soft,2300,2,2
train,v3_request_407335,杭州,comfortable,soft,5600,3,1
train,v3_request_407624,深圳,limited,soft,12900,4,5
train,v3_request_408642,大连,limited,soft,1600,3,1
train,v3_request_405258,三亚,comfortable,soft,8700,3,3
train,v3_request_407571,杭州,luxury,soft,16300,3,4
train,v3_request_407756,丽江,limited,soft,2200,3,1
train,v3_request_408723,苏州,comfortable,hard,6100,3,2
train,v3_request_407286,上海,comfortable,soft,5100,3,1
train,v3_request_407794,西安,standard,soft,13400,4,4
train,v3_request_407207,黄山,standard,none,1400,2,1
train,v3_request_407692,西安,standard,soft,4600,3,2
train,v3_request_407348,上海,standard,none,4400,2,4
train,v3_request_407429,桂林,limited,hard,3300,2,3
train,v3_request_404042,苏州,standard,soft,7500,5,2
train,v3_request_404166,大连,limited,soft,3600,4,2
train,v3_request_404127,广州,limited,hard,5600,3,4
train,v3_request_407254,珠海,comfortable,soft,22700,5,5
train,v3_request_407160,广州,comfortable,soft,8900,3,3
train,v3_request_407219,三亚,standard,soft,5900,4,2
train,v3_request_408361,成都,comfortable,soft,9400,3,3
train,v3_request_409096,广州,limited,soft,3300,3,2
train,v3_request_408416,南京,limited,soft,3000,5,1
train,v3_request_407542,北京,limited,soft,2300,4,1
train,v3_request_407109,上海,standard,soft,2200,3,1
train,v3_request_404025,郑州,limited,soft,7400,4,4
train,v3_request_407439,北京,standard,soft,4200,4,1
train,v3_request_407223,贵阳,limited,hard,2300,3,2
train,v3_request_408364,桂林,comfortable,none,7900,2,4
train,v3_request_407802,武汉,limited,hard,6600,4,4
train,v3_request_404279,三亚,limited,soft,9400,5,4
train,v3_request_407447,杭州,comfortable,soft,8300,4,2
train,v3_request_407308,丽江,standard,soft,8500,4,3
train,v3_request_404273,北京,limited,soft,3700,3,2
train,v3_request_407212,大连,standard,soft,8300,4,3
train,v3_request_407413,丽江,standard,soft,6200,2,5
train,v3_request_409047,福州,limited,soft,4100,5,2
train,v3_request_408408,上海,comfortable,soft,14000,5,2
train,v3_request_405237,三亚,standard,soft,2600,3,1
train,v3_request_407213,丽江,limited,hard,4100,3,3
train,v3_request_404230,成都,standard,none,3300,3,1
train,v3_request_404058,济南,limited,soft,3600,3,3
train,v3_request_405402,杭州,premium,soft,8300,3,2
train,v3_request_404251,洛阳,limited,soft,2300,4,1
train,v3_request_404175,洛阳,standard,soft,2100,2,2
train,v3_request_407609,郑州,comfortable,soft,2600,2,1
train,v3_request_405386,北京,comfortable,soft,7200,4,1
train,v3_request_404253,重庆,limited,soft,3000,2,3
train,v3_request_408819,武汉,limited,soft,13500,5,5
train,v3_request_407382,长沙,comfortable,soft,12300,3,4
train,v3_request_408664,广州,comfortable,soft,6500,4,1
train,v3_request_407371,北京,standard,soft,13500,5,3
train,v3_request_404338,丽江,standard,soft,6600,3,3
train,v3_request_404374,昆明,standard,none,8700,3,3
train,v3_request_404245,三亚,limited,soft,3200,2,3
train,v3_request_404292,武汉,limited,soft,3700,2,3
train,v3_request_404103,哈尔滨,limited,hard,3300,3,2
train,v3_request_404310,西安,comfortable,soft,14900,4,3
train,v3_request_405214,深圳,comfortable,soft,4600,3,1
train,v3_request_404199,上海,limited,hard,3500,4,1
train,v3_request_407436,厦门,premium,none,5700,2,2
train,v3_request_407543,福州,limited,none,3800,3,4
train,v3_request_404315,沈阳,comfortable,soft,7000,4,2
train,v3_request_404271,武汉,limited,soft,5500,3,3
train,v3_request_407696,洛阳,limited,hard,5800,3,4
train,v3_request_408191,西安,limited,hard,7300,4,4
train,v3_request_408243,杭州,comfortable,soft,12000,3,4
train,v3_request_407381,苏州,limited,soft,9100,3,5
train,v3_request_407748,杭州,limited,soft,3900,3,2
train,v3_request_407401,宁波,premium,soft,7800,3,2
train,v3_request_408728,珠海,limited,soft,1400,2,2
train,v3_request_407761,黄山,limited,none,3000,3,2
train,v3_request_407082,宁波,comfortable,soft,13100,3,4
train,v3_request_407112,西安,premium,soft,13100,3,3
train,v3_request_407277,长沙,limited,hard,3500,4,2
train,v3_request_405028,张家界,limited,soft,4800,3,4
train,v3_request_407406,南京,comfortable,soft,11800,4,2
train,v3_request_408464,广州,limited,soft,3900,4,2
train,v3_request_404108,武汉,limited,soft,2600,2,4
train,v3_request_405069,苏州,comfortable,soft,7900,2,4
train,v3_request_407799,北京,comfortable,soft,11600,3,3
train,v3_request_407080,上海,limited,soft,10500,5,4
train,v3_request_407490,西安,standard,hard,7700,3,3
train,v3_request_407039,洛阳,comfortable,hard,7300,3,3
train,v3_request_404112,昆明,standard,soft,10700,5,3
train,v3_request_404149,上海,limited,soft,3800,2,4
train,v3_request_404143,青岛,comfortable,soft,4500,2,2
train,v3_request_407677,西安,limited,none,2700,2,3
train,v3_request_407663,扬州,standard,soft,5100,3,3
train,v3_request_408410,西安,limited,soft,3300,3,2
train,v3_request_407005,北京,limited,soft,3900,4,2
train,v3_request_407246,南京,standard,soft,6700,3,3
train,v3_request_407120,苏州,comfortable,soft,11100,4,3
train,v3_request_407247,成都,comfortable,soft,5800,2,2
train,v3_request_407203,西安,standard,none,6900,4,2
train,v3_request_407803,厦门,limited,hard,1400,2,1
train,v3_request_408256,黄山,standard,none,4200,2,4
train,v3_request_404090,苏州,comfortable,soft,21300,3,6
train,v3_request_404034,青岛,standard,soft,5500,3,3
train,v3_request_405176,武汉,limited,soft,2800,4,1
train,v3_request_404031,大理,premium,none,16100,5,2
train,v3_request_407646,丽江,standard,none,2300,3,1
train,v3_request_406409,贵阳,limited,soft,1200,2,2
train,v3_request_407384,苏州,comfortable,soft,13600,4,3
train,v3_request_408087,郑州,standard,soft,9100,3,5
train,v3_request_408594,苏州,comfortable,soft,26600,5,6
train,v3_request_407161,广州,comfortable,soft,3900,3,1
train,v3_request_405200,南京,comfortable,soft,4100,3,1
train,v3_request_404106,上海,standard,soft,2900,2,2
train,v3_request_407631,天津,comfortable,soft,4600,3,2
train,v3_request_405124,长沙,premium,none,9300,3,2
train,v3_request_404153,北京,limited,soft,3000,2,3
train,v3_request_405399,济南,limited,soft,2700,2,4
train,v3_request_407448,福州,standard,soft,2100,3,1
train,v3_request_407106,郑州,comfortable,none,6200,2,3
train,v3_request_408610,哈尔滨,comfortable,soft,31500,5,5
train,v3_request_405216,三亚,standard,soft,1900,2,1
train,v3_request_407558,张家界,limited,soft,2500,2,3
train,v3_request_408619,郑州,standard,soft,3400,3,2
train,v3_request_404269,北京,standard,soft,1800,2,1
train,v3_request_407639,广州,comfortable,soft,10400,3,3
train,v3_request_407094,成都,comfortable,soft,6900,2,3
train,v3_request_407626,长沙,standard,hard,6400,3,3
train,v3_request_407101,南京,limited,soft,9000,3,5
train,v3_request_409268,青岛,limited,hard,7900,5,3
train,v3_request_409554,厦门,premium,none,14400,3,4
train,v3_request_407398,长沙,comfortable,soft,6600,3,2
train,v3_request_407000,大理,limited,none,8400,4,4
train,v3_request_405016,昆明,standard,none,3300,3,2
train,v3_request_407661,扬州,standard,soft,4600,3,2
train,v3_request_408780,北京,comfortable,soft,4800,4,1
train,v3_request_407255,厦门,premium,none,21100,3,4
train,v3_request_405317,上海,comfortable,soft,2100,2,1
train,v3_request_404060,昆明,limited,soft,3100,2,3
train,v3_request_407813,天津,luxury,soft,8000,3,2
train,v3_request_407392,重庆,limited,hard,4100,2,4
train,v3_request_407735,天津,limited,soft,1300,2,2
train,v3_request_407773,长沙,premium,hard,14900,3,4
train,v3_request_407059,大连,limited,soft,3500,4,2
train,v3_request_404368,厦门,standard,soft,14400,4,4
train,v3_request_407690,深圳,comfortable,soft,27100,4,5
train,v3_request_406172,沈阳,limited,soft,1100,2,1
train,v3_request_407792,南京,comfortable,soft,4100,4,1
train,v3_request_404064,苏州,limited,hard,1800,2,2
train,v3_request_407061,成都,standard,soft,5000,2,3
train,v3_request_407075,成都,standard,none,3400,3,1
train,v3_request_407186,西安,limited,soft,7500,4,3
train,v3_request_407745,杭州,premium,soft,11200,2,3
train,v3_request_407441,哈尔滨,premium,soft,4800,3,1
train,v3_request_407373,珠海,limited,soft,3800,4,2
train,v3_request_405357,北京,standard,soft,9500,3,3
train,v3_request_407311,厦门,comfortable,soft,9100,2,4
train,v3_request_407653,北京,limited,soft,2100,3,1
train,v3_request_404148,沈阳,standard,none,2400,3,1
train,v3_request_404208,苏州,standard,soft,9900,4,4
train,v3_request_407117,珠海,comfortable,soft,4600,3,2
train,v3_request_407628,深圳,limited,hard,2300,2,2
train,v3_request_404113,沈阳,limited,soft,2000,3,2
train,v3_request_407245,厦门,limited,none,5500,3,3
train,v3_request_407283,贵阳,limited,soft,2400,2,4
train,v3_request_409786,北京,standard,soft,16900,5,4
train,v3_request_407102,广州,premium,none,32200,4,4
train,v3_request_407105,重庆,standard,soft,6100,5,2
train,v3_request_407804,西安,limited,soft,1800,2,1
train,v3_request_407228,苏州,limited,soft,6500,4,4
train,v3_request_407123,昆明,limited,soft,1400,2,2
train,v3_request_404086,厦门,comfortable,soft,3200,3,1
train,v3_request_407479,厦门,limited,soft,2700,5,1
train,v3_request_404299,洛阳,limited,soft,7000,3,5
train,v3_request_407516,福州,limited,soft,2700,3,2
train,v3_request_407655,丽江,limited,soft,3500,3,3
train,v3_request_409363,南京,comfortable,hard,6400,5,1
train,v3_request_407567,深圳,limited,hard,3200,3,2
train,v3_request_407580,哈尔滨,comfortable,none,9100,3,3
train,v3_request_407326,杭州,limited,soft,3900,3,3
train,v3_request_408524,扬州,comfortable,soft,6300,3,2
train,v3_request_407372,西安,comfortable,hard,3500,3,1
train,v3_request_409460,北京,comfortable,soft,11500,2,5
train,v3_request_408127,重庆,standard,none,6900,4,2
train,v3_request_408783,深圳,comfortable,soft,6900,2,4
train,v3_request_405340,天津,limited,soft,5600,4,3
train,v3_request_409445,杭州,standard,soft,5500,4,1
train,v3_request_407369,西安,comfortable,soft,12600,3,3
train,v3_request_405275,青岛,comfortable,soft,10700,3,3
train,v3_request_405307,青岛,premium,none,12100,5,2
train,v3_request_407289,长沙,limited,hard,2100,2,2
train,v3_request_405015,上海,limited,soft,3000,2,3
train,v3_request_405289,苏州,comfortable,soft,6600,4,1
train,v3_request_404142,福州,standard,soft,3800,3,2
train,v3_request_409643,大连,limited,soft,2800,2,4
train,v3_request_407755,青岛,limited,soft,2300,3,1
train,v3_request_407019,北京,standard,hard,3500,4,1
train,v3_request_407615,北京,limited,soft,3100,2,3
train,v3_request_404183,福州,limited,soft,2300,4,1
train,v3_request_407291,西安,comfortable,soft,9000,4,2
train,v3_request_408497,福州,limited,soft,3800,3,4
train,v3_request_407368,哈尔滨,premium,soft,7300,3,2
train,v3_request_407509,天津,limited,hard,2100,3,2
train,v3_request_404354,南京,limited,none,6200,4,3
train,v3_request_407599,泉州,comfortable,soft,4100,2,2
train,v3_request_407600,苏州,luxury,soft,13500,4,2
train,v3_request_407718,沈阳,comfortable,soft,6300,2,3
train,v3_request_404403,张家界,limited,soft,6900,4,3
train,v3_request_408095,宁波,limited,soft,4000,5,2
train,v3_request_404170,丽江,limited,soft,7000,4,3
train,v3_request_407805,北京,standard,soft,10400,3,4
train,v3_request_404160,天津,standard,none,4600,4,2
train,v3_request_404077,泉州,comfortable,soft,2700,2,1
train,v3_request_407312,珠海,limited,soft,3000,5,1
train,v3_request_404020,广州,comfortable,soft,17800,4,4
train,v3_request_404063,长沙,comfortable,soft,4700,3,1
train,v3_request_404241,广州,limited,hard,3900,3,3
train,v3_request_407461,成都,comfortable,soft,5600,4,1
train,v3_request_407507,郑州,limited,soft,2000,3,2
train,v3_request_407118,杭州,standard,soft,10900,3,5
train,v3_request_407498,哈尔滨,limited,none,4500,3,3
train,v3_request_407809,南京,standard,soft,4500,2,3
train,v3_request_408517,沈阳,standard,hard,1600,2,1
train,v3_request_407596,福州,limited,soft,3600,3,3
train,v3_request_405105,厦门,standard,none,3700,5,1
train,v3_request_407751,昆明,limited,hard,4400,5,2
train,v3_request_408136,大连,standard,soft,2700,3,1
train,v3_request_405080,上海,standard,none,2900,2,2
train,v3_request_407233,北京,limited,soft,5700,3,4
train,v3_request_404294,哈尔滨,comfortable,hard,14300,3,4
train,v3_request_404182,深圳,limited,none,4100,4,2
train,v3_request_407781,青岛,standard,soft,10000,3,4
train,v3_request_408290,深圳,standard,soft,4600,2,4
train,v3_request_408249,成都,standard,none,11600,4,4
train,v3_request_405114,杭州,limited,soft,3000,2,3
train,v3_request_404046,深圳,standard,soft,7900,3,4
train,v3_request_407522,北京,limited,hard,2500,3,1
train,v3_request_404041,沈阳,standard,soft,3900,2,4
train,v3_request_404252,西安,limited,soft,6100,4,3
train,v3_request_408493,武汉,comfortable,soft,7000,4,2
train,v3_request_408703,昆明,limited,none,2500,2,3
train,v3_request_404053,大理,comfortable,soft,3600,2,2
train,v3_request_407730,济南,standard,soft,8300,4,3
train,v3_request_404318,成都,limited,soft,2700,2,3
train,v3_request_407237,大理,limited,hard,3800,2,4
train,v3_request_405125,北京,comfortable,soft,15600,4,4
train,v3_request_407480,贵阳,standard,soft,4600,2,3
train,v3_request_407742,哈尔滨,standard,soft,3100,2,2
train,v3_request_404111,西安,limited,soft,4300,4,2
train,v3_request_404177,郑州,limited,soft,1900,2,3
train,v3_request_407399,武汉,standard,soft,2300,2,2
train,v3_request_404099,南京,limited,soft,900,2,1
train,v3_request_407557,天津,comfortable,soft,9400,5,2
train,v3_request_407505,广州,comfortable,soft,12200,4,3
train,v3_request_408092,哈尔滨,limited,soft,2300,3,2
train,v3_request_404023,福州,standard,none,6000,4,2
train,v3_request_405333,杭州,limited,soft,6000,2,5
train,v3_request_407330,南京,limited,soft,5500,3,3
train,v3_request_407016,三亚,limited,none,3500,3,2
train,v3_request_407606,深圳,comfortable,soft,13500,3,4
train,v3_request_407130,青岛,limited,soft,2600,2,3
train,v3_request_408374,厦门,comfortable,soft,5700,3,2
train,v3_request_407072,厦门,comfortable,soft,7300,5,1
train,v3_request_407601,丽江,limited,none,2800,3,1
train,v3_request_407394,北京,comfortable,soft,12400,4,3
train,v3_request_407098,北京,comfortable,soft,14300,4,3
train,v3_request_405066,广州,standard,soft,6500,3,3
train,v3_request_404244,青岛,standard,soft,2300,2,2
train,v3_request_407531,厦门,comfortable,soft,4800,2,2
train,v3_request_407347,上海,limited,soft,2000,3,1
train,v3_request_407684,桂林,limited,hard,2500,3,1
train,v3_request_404367,南京,standard,soft,9900,3,4
train,v3_request_407672,哈尔滨,comfortable,soft,6300,4,2
train,v3_request_407511,泉州,comfortable,soft,7300,3,2
train,v3_request_406352,扬州,luxury,soft,6700,4,1
train,v3_request_407324,重庆,limited,soft,4600,3,4
train,v3_request_407334,沈阳,comfortable,soft,7800,2,4
train,v3_request_404238,北京,standard,hard,6500,4,2
train,v3_request_404070,青岛,comfortable,soft,2600,2,1
train,v3_request_407817,哈尔滨,limited,soft,4600,4,2
train,v3_request_408627,上海,limited,hard,3700,3,2
train,v3_request_405173,上海,standard,soft,8400,3,3
train,v3_request_408070,北京,standard,soft,12300,4,3
train,v3_request_407045,大连,standard,soft,1300,2,1
train,v3_request_404130,沈阳,limited,soft,8900,4,5
train,v3_request_407015,厦门,standard,none,2600,3,1
train,v3_request_407673,南京,limited,soft,1800,3,1
train,v3_request_407467,沈阳,limited,hard,1900,2,3
train,v3_request_404156,南京,comfortable,none,5600,4,1
train,v3_request_404141,长沙,comfortable,soft,11400,3,3
train,v3_request_407017,贵阳,limited,soft,3000,3,2
train,v3_request_404174,广州,standard,soft,9600,3,4
train,v3_request_408426,武汉,limited,soft,6400,3,3
train,v3_request_408508,北京,limited,soft,4700,3,4
train,v3_request_409258,成都,limited,soft,2700,2,3
train,v3_request_407122,桂林,limited,hard,3800,3,2
train,v3_request_408315,厦门,limited,soft,5000,3,3
train,v3_request_407743,郑州,limited,soft,3700,2,5
train,v3_request_407810,成都,comfortable,soft,4500,3,1
train,v3_request_407713,南京,comfortable,soft,7000,3,2
train,v3_request_407379,成都,standard,soft,6500,3,3
train,v3_request_408004,成都,comfortable,soft,4000,3,1
train,v3_request_404225,上海,limited,hard,3500,4,1
train,v3_request_407456,广州,comfortable,soft,12600,3,3
train,v3_request_404169,南京,standard,soft,7700,3,4
train,v3_request_405378,武汉,comfortable,soft,9500,3,3
train,v3_request_404371,哈尔滨,limited,hard,5100,3,3
train,v3_request_408465,上海,limited,soft,8200,4,4
train,v3_request_404030,苏州,comfortable,soft,14900,4,3
train,v3_request_409721,北京,comfortable,soft,16400,4,3
train,v3_request_405101,厦门,comfortable,none,14500,3,4
train,v3_request_404161,深圳,comfortable,soft,7000,2,3
train,v3_request_404373,天津,comfortable,none,10300,5,2
train,v3_request_408285,厦门,limited,soft,7800,3,6
train,v3_request_404270,昆明,standard,soft,2500,3,1
train,v3_request_408262,深圳,standard,soft,5600,4,2
train,v3_request_408349,北京,standard,soft,6000,4,2
train,v3_request_407299,扬州,limited,soft,2900,5,1
train,v3_request_404231,杭州,comfortable,soft,15500,4,3
train,v3_request_408771,南京,premium,soft,12100,4,2
train,v3_request_408462,北京,limited,soft,5300,3,4
train,v3_request_404246,昆明,limited,hard,2200,2,2
train,v3_request_408042,杭州,limited,soft,1500,2,1
train,v3_request_407458,广州,standard,soft,13500,3,5
train,v3_request_404291,北京,standard,soft,2200,3,1
train,v3_request_404036,桂林,limited,hard,5400,3,4
train,v3_request_405201,沈阳,limited,soft,2400,4,1
train,v3_request_408164,深圳,limited,hard,1500,2,2
train,v3_request_407100,贵阳,comfortable,soft,8100,5,2
train,v3_request_408744,成都,limited,hard,3300,4,2
train,v3_request_404264,西安,standard,none,12300,4,3
train,v3_request_407270,厦门,comfortable,soft,3200,2,2
train,v3_request_407463,成都,standard,soft,18100,5,4
train,v3_request_407548,长沙,standard,soft,6600,3,3
train,v3_request_404227,成都,standard,soft,6200,3,3
train,v3_request_404085,深圳,standard,hard,2700,2,2
train,v3_request_408400,重庆,limited,soft,4600,4,2
train,v3_request_408056,北京,comfortable,soft,14200,4,3
train,v3_request_407021,深圳,limited,hard,1500,2,2
train,v3_request_407669,哈尔滨,limited,soft,5400,3,4
train,v3_request_404139,长沙,comfortable,soft,11900,4,3
train,v3_request_407205,厦门,standard,none,3700,2,3
train,v3_request_407065,成都,limited,soft,4600,3,4
train,v3_request_405129,南京,limited,hard,1600,2,1
train,v3_request_407722,长沙,comfortable,soft,11500,3,3
train,v3_request_406304,南京,standard,soft,3200,4,1
train,v3_request_404187,桂林,comfortable,soft,5300,2,3
train,v3_request_407078,杭州,luxury,soft,26000,5,3
train,v3_request_409717,苏州,standard,soft,10700,3,5
train,v3_request_408320,南京,limited,soft,4500,3,3
train,v3_request_404010,苏州,luxury,soft,18600,4,3
train,v3_request_407699,呼和浩特,comfortable,soft,4700,2,3
train,v3_request_407309,桂林,limited,hard,2000,2,2
train,v3_request_408060,广州,limited,soft,1900,2,2
train,v3_request_407387,南京,comfortable,soft,6000,3,2
train,v3_request_404147,泉州,limited,soft,4500,4,3
train,v3_request_407595,丽江,limited,hard,4500,3,3
train,v3_request_404356,北京,comfortable,soft,5600,4,1
train,v3_request_404043,长沙,standard,none,5800,4,2
val,v3_request_408657,成都,standard,soft,13500,3,6
val,v3_request_404288,深圳,limited,soft,7600,4,3
val,v3_request_404068,上海,comfortable,soft,7600,4,2
val,v3_request_408603,北京,standard,soft,7200,3,3
val,v3_request_408438,西安,standard,soft,4800,4,2
val,v3_request_407608,重庆,standard,none,5200,3,2
val,v3_request_409747,哈尔滨,standard,soft,5100,4,2
val,v3_request_407682,北京,standard,soft,4000,2,3
val,v3_request_404084,西安,comfortable,soft,3900,2,2
val,v3_request_407540,杭州,standard,soft,3900,3,2
val,v3_request_408288,重庆,limited,soft,3700,4,2
val,v3_request_407088,长沙,comfortable,soft,4700,4,1
val,v3_request_408217,呼和浩特,comfortable,none,12900,5,3
val,v3_request_408273,呼和浩特,comfortable,soft,4000,4,1
val,v3_request_408623,北京,standard,soft,9200,4,3
val,v3_request_408478,青岛,limited,soft,3300,5,1
val,v3_request_407006,丽江,comfortable,soft,11200,4,3
val,v3_request_408532,上海,comfortable,soft,5400,2,2
val,v3_request_407607,丽江,comfortable,soft,9500,3,3
val,v3_request_407076,北京,limited,soft,3800,4,2
val,v3_request_408641,长沙,standard,soft,2700,2,2
val,v3_request_407503,苏州,comfortable,soft,1700,2,1
val,v3_request_408404,成都,standard,soft,11800,4,4
val,v3_request_408376,广州,standard,soft,4800,3,2
val,v3_request_408725,丽江,comfortable,soft,7200,3,3
val,v3_request_404212,厦门,limited,soft,2500,4,1
val,v3_request_407380,张家界,limited,soft,1500,2,2
val,v3_request_404312,昆明,standard,soft,10000,3,6
val,v3_request_404097,昆明,limited,soft,2300,4,1
val,v3_request_408572,沈阳,standard,soft,7000,3,4
val,v3_request_407296,宁波,comfortable,soft,9500,3,4
val,v3_request_404302,深圳,comfortable,soft,2300,2,1
val,v3_request_408640,宁波,comfortable,soft,8600,3,3
val,v3_request_407362,深圳,comfortable,soft,9500,3,3
val,v3_request_405303,青岛,standard,soft,2300,2,2
val,v3_request_407454,青岛,comfortable,soft,8900,4,2
val,v3_request_404274,贵阳,limited,soft,1700,3,1
val,v3_request_409789,贵阳,limited,soft,1800,2,2
val,v3_request_407630,广州,comfortable,soft,7700,4,2
val,v3_request_404094,天津,comfortable,soft,6900,3,3
val,v3_request_407472,天津,limited,soft,1600,2,2
val,v3_request_408211,三亚,limited,soft,5000,3,3
val,v3_request_404011,长沙,comfortable,soft,13100,4,3
val,v3_request_404220,武汉,comfortable,hard,5600,5,1
val,v3_request_405393,北京,standard,soft,5600,3,2
val,v3_request_407073,杭州,comfortable,soft,12900,3,4
val,v3_request_409659,广州,limited,soft,10500,4,4
val,v3_request_405217,成都,standard,soft,6500,3,3
val,v3_request_407028,三亚,limited,soft,1900,2,2
val,v3_request_404228,厦门,comfortable,soft,12800,5,2
val,v3_request_407209,扬州,standard,soft,5400,4,2
val,v3_request_407168,珠海,standard,soft,5900,3,3
val,v3_request_404343,桂林,limited,hard,1800,2,2
val,v3_request_407471,昆明,comfortable,hard,6600,2,4
val,v3_request_404100,北京,comfortable,soft,20200,5,3
val,v3_request_408483,北京,standard,soft,8500,3,3
val,v3_request_404146,武汉,comfortable,soft,7700,3,3
val,v3_request_407328,成都,standard,soft,4100,3,2
val,v3_request_404164,成都,comfortable,soft,10400,4,2
val,v3_request_407701,珠海,limited,soft,2600,3,2
val,v3_request_407562,上海,standard,none,4600,3,2
val,v3_request_407357,泉州,standard,soft,2200,2,2
val,v3_request_404382,深圳,comfortable,soft,4500,3,1
val,v3_request_406327,张家界,comfortable,soft,8000,2,5
val,v3_request_406261,苏州,limited,soft,4000,3,3
val,v3_request_404233,西安,limited,soft,2700,2,3
val,v3_request_408097,桂林,comfortable,soft,7000,4,2
val,v3_request_408474,广州,comfortable,soft,5500,3,2
val,v3_request_407183,洛阳,limited,soft,2300,2,3
val,v3_request_404184,武汉,limited,soft,7300,4,4
val,v3_request_407658,天津,comfortable,hard,14900,5,3
val,v3_request_408823,哈尔滨,limited,hard,2200,3,2
val,v3_request_407208,广州,limited,hard,12800,4,5
val,v3_request_404287,西安,standard,soft,4100,2,3
val,v3_request_408589,桂林,limited,hard,6300,4,3
val,v3_request_407727,深圳,standard,soft,16100,4,6
val,v3_request_408451,张家界,standard,none,4000,3,2
val,v3_request_407238,杭州,standard,hard,1900,2,1
val,v3_request_407121,大理,comfortable,none,18400,4,5
val,v3_request_404390,长沙,limited,none,4100,5,1
val,v3_request_407301,桂林,limited,soft,3000,4,1
val,v3_request_407341,张家界,comfortable,soft,5400,2,3
val,v3_request_408632,苏州,comfortable,none,18800,3,5
val,v3_request_407378,武汉,limited,soft,3000,3,2
val,v3_request_407119,青岛,limited,none,4400,4,2
val,v3_request_407111,成都,limited,hard,4600,2,4
val,v3_request_407066,成都,standard,soft,5900,2,4
val,v3_request_407058,福州,limited,hard,2200,3,1
val,v3_request_408177,杭州,premium,soft,17600,3,3
val,v3_request_407766,上海,comfortable,soft,3900,2,2
val,v3_request_409774,桂林,limited,none,8400,4,3
val,v3_request_407806,成都,limited,soft,3400,2,3
val,v3_request_404102,哈尔滨,standard,soft,4000,3,2
val,v3_request_404195,上海,comfortable,soft,14100,3,5
val,v3_request_404379,三亚,comfortable,soft,7500,2,3
val,v3_request_407470,青岛,comfortable,soft,9500,2,4
val,v3_request_404297,天津,standard,soft,10900,4,3
val,v3_request_407457,深圳,standard,soft,10100,4,4
val,v3_request_407779,杭州,standard,soft,5500,2,3
val,v3_request_407476,成都,limited,soft,3800,4,2
val,v3_request_409502,北京,comfortable,soft,12000,3,3
